{"v":"5.3.4","fr":25,"ip":0,"op":61,"w":150,"h":150,"nm":"Comp 1","ddd":0,"assets":[],"layers":[{"ddd":0,"ind":1,"ty":4,"nm":"Shape Layer 6","sr":1,"ks":{"o":{"a":0,"k":100,"ix":11},"r":{"a":0,"k":0,"ix":10},"p":{"a":0,"k":[19,133.5,0],"ix":2},"a":{"a":0,"k":[0,0,0],"ix":1},"s":{"a":0,"k":[100,100,100],"ix":6}},"ao":0,"shapes":[{"ty":"gr","it":[{"ind":0,"ty":"sh","ix":1,"ks":{"a":0,"k":{"i":[[0,0],[0,0]],"o":[[0,0],[0,0]],"v":[[-36.207,69.874],[-10.019,69.885]],"c":false},"ix":2},"nm":"Path 1","mn":"ADBE Vector Shape - Group","hd":false},{"ty":"tm","s":{"a":1,"k":[{"i":{"x":[0.197],"y":[1]},"o":{"x":[0.333],"y":[0]},"n":["0p197_1_0p333_0"],"t":0,"s":[100],"e":[0]},{"t":25}],"ix":1},"e":{"a":1,"k":[{"i":{"x":[0.198],"y":[1]},"o":{"x":[0.333],"y":[0]},"n":["0p198_1_0p333_0"],"t":15,"s":[100],"e":[0]},{"t":40}],"ix":2},"o":{"a":0,"k":0,"ix":3},"m":1,"ix":2,"nm":"Trim Paths 1","mn":"ADBE Vector Filter - Trim","hd":false},{"ty":"st","c":{"a":0,"k":[0.981387867647,0.981387867647,0.981387867647,1],"ix":3},"o":{"a":0,"k":100,"ix":4},"w":{"a":0,"k":2,"ix":5},"lc":1,"lj":1,"ml":4,"ml2":{"a":0,"k":4,"ix":8},"nm":"Stroke 1","mn":"ADBE Vector Graphic - Stroke","hd":false},{"ty":"fl","c":{"a":0,"k":[1,0,0,1],"ix":4},"o":{"a":0,"k":100,"ix":5},"r":1,"nm":"Fill 1","mn":"ADBE Vector Graphic - Fill","hd":true},{"ty":"tr","p":{"a":0,"k":[0,0],"ix":2},"a":{"a":0,"k":[0,0],"ix":1},"s":{"a":0,"k":[46.434,-92.446],"ix":3},"r":{"a":0,"k":0,"ix":6},"o":{"a":0,"k":100,"ix":7},"sk":{"a":0,"k":0,"ix":4},"sa":{"a":0,"k":0,"ix":5},"nm":"Transform"}],"nm":"Shape 1","np":4,"cix":2,"ix":1,"mn":"ADBE Vector Group","hd":false}],"ip":0,"op":100,"st":0,"bm":0},{"ddd":0,"ind":2,"ty":4,"nm":"Shape Layer 5","sr":1,"ks":{"o":{"a":0,"k":100,"ix":11},"r":{"a":0,"k":0,"ix":10},"p":{"a":0,"k":[30,121.5,0],"ix":2},"a":{"a":0,"k":[0,0,0],"ix":1},"s":{"a":0,"k":[100,100,100],"ix":6}},"ao":0,"shapes":[{"ty":"gr","it":[{"ind":0,"ty":"sh","ix":1,"ks":{"a":0,"k":{"i":[[0,0],[0,0]],"o":[[0,0],[0,0]],"v":[[-49.667,69.75],[-9.75,69.75]],"c":false},"ix":2},"nm":"Path 1","mn":"ADBE Vector Shape - Group","hd":false},{"ty":"tm","s":{"a":1,"k":[{"i":{"x":[0.197],"y":[1]},"o":{"x":[0.333],"y":[0]},"n":["0p197_1_0p333_0"],"t":0,"s":[100],"e":[0]},{"t":25}],"ix":1},"e":{"a":1,"k":[{"i":{"x":[0.198],"y":[1]},"o":{"x":[0.333],"y":[0]},"n":["0p198_1_0p333_0"],"t":15,"s":[100],"e":[0]},{"t":40}],"ix":2},"o":{"a":0,"k":0,"ix":3},"m":1,"ix":2,"nm":"Trim Paths 1","mn":"ADBE Vector Filter - Trim","hd":false},{"ty":"st","c":{"a":0,"k":[0.981387867647,0.981387867647,0.981387867647,1],"ix":3},"o":{"a":0,"k":100,"ix":4},"w":{"a":0,"k":2,"ix":5},"lc":1,"lj":1,"ml":4,"ml2":{"a":0,"k":4,"ix":8},"nm":"Stroke 1","mn":"ADBE Vector Graphic - Stroke","hd":false},{"ty":"fl","c":{"a":0,"k":[1,0,0,1],"ix":4},"o":{"a":0,"k":100,"ix":5},"r":1,"nm":"Fill 1","mn":"ADBE Vector Graphic - Fill","hd":true},{"ty":"tr","p":{"a":0,"k":[0,0],"ix":2},"a":{"a":0,"k":[0,0],"ix":1},"s":{"a":0,"k":[46.434,-91.85],"ix":3},"r":{"a":0,"k":0,"ix":6},"o":{"a":0,"k":100,"ix":7},"sk":{"a":0,"k":0,"ix":4},"sa":{"a":0,"k":0,"ix":5},"nm":"Transform"}],"nm":"Shape 1","np":4,"cix":2,"ix":1,"mn":"ADBE Vector Group","hd":false}],"ip":0,"op":100,"st":0,"bm":0},{"ddd":0,"ind":3,"ty":4,"nm":"Shape Layer 4","sr":1,"ks":{"o":{"a":0,"k":100,"ix":11},"r":{"a":0,"k":0,"ix":10},"p":{"a":0,"k":[39,110.5,0],"ix":2},"a":{"a":0,"k":[0,0,0],"ix":1},"s":{"a":0,"k":[100,100,100],"ix":6}},"ao":0,"shapes":[{"ty":"gr","it":[{"ind":0,"ty":"sh","ix":1,"ks":{"a":0,"k":{"i":[[0,0],[0,0]],"o":[[0,0],[0,0]],"v":[[-44.552,69.75],[-9.75,69.75]],"c":false},"ix":2},"nm":"Path 1","mn":"ADBE Vector Shape - Group","hd":false},{"ty":"tm","s":{"a":1,"k":[{"i":{"x":[0.197],"y":[1]},"o":{"x":[0.333],"y":[0]},"n":["0p197_1_0p333_0"],"t":0,"s":[100],"e":[0]},{"t":25}],"ix":1},"e":{"a":1,"k":[{"i":{"x":[0.198],"y":[1]},"o":{"x":[0.333],"y":[0]},"n":["0p198_1_0p333_0"],"t":15,"s":[100],"e":[0]},{"t":40}],"ix":2},"o":{"a":0,"k":0,"ix":3},"m":1,"ix":2,"nm":"Trim Paths 1","mn":"ADBE Vector Filter - Trim","hd":false},{"ty":"st","c":{"a":0,"k":[0.981387867647,0.981387867647,0.981387867647,1],"ix":3},"o":{"a":0,"k":100,"ix":4},"w":{"a":0,"k":2,"ix":5},"lc":1,"lj":1,"ml":4,"ml2":{"a":0,"k":4,"ix":8},"nm":"Stroke 1","mn":"ADBE Vector Graphic - Stroke","hd":false},{"ty":"fl","c":{"a":0,"k":[1,0,0,1],"ix":4},"o":{"a":0,"k":100,"ix":5},"r":1,"nm":"Fill 1","mn":"ADBE Vector Graphic - Fill","hd":true},{"ty":"tr","p":{"a":0,"k":[0,0],"ix":2},"a":{"a":0,"k":[0,0],"ix":1},"s":{"a":0,"k":[46.434,-92.446],"ix":3},"r":{"a":0,"k":0,"ix":6},"o":{"a":0,"k":100,"ix":7},"sk":{"a":0,"k":0,"ix":4},"sa":{"a":0,"k":0,"ix":5},"nm":"Transform"}],"nm":"Shape 1","np":4,"cix":2,"ix":1,"mn":"ADBE Vector Group","hd":false}],"ip":0,"op":100,"st":0,"bm":0},{"ddd":0,"ind":4,"ty":4,"nm":"Shape Layer 3","sr":1,"ks":{"o":{"a":0,"k":100,"ix":11},"r":{"a":0,"k":0,"ix":10},"p":{"a":0,"k":[52,98.5,0],"ix":2},"a":{"a":0,"k":[0,0,0],"ix":1},"s":{"a":0,"k":[100,100,100],"ix":6}},"ao":0,"shapes":[{"ty":"gr","it":[{"ind":0,"ty":"sh","ix":1,"ks":{"a":0,"k":{"i":[[0,0],[0,0]],"o":[[0,0],[0,0]],"v":[[-73.895,69.75],[-9.75,69.75]],"c":false},"ix":2},"nm":"Path 1","mn":"ADBE Vector Shape - Group","hd":false},{"ty":"tm","s":{"a":1,"k":[{"i":{"x":[0.197],"y":[1]},"o":{"x":[0.333],"y":[0]},"n":["0p197_1_0p333_0"],"t":0,"s":[100],"e":[0]},{"t":25}],"ix":1},"e":{"a":1,"k":[{"i":{"x":[0.198],"y":[1]},"o":{"x":[0.333],"y":[0]},"n":["0p198_1_0p333_0"],"t":15,"s":[100],"e":[0]},{"t":40}],"ix":2},"o":{"a":0,"k":0,"ix":3},"m":1,"ix":2,"nm":"Trim Paths 1","mn":"ADBE Vector Filter - Trim","hd":false},{"ty":"st","c":{"a":0,"k":[0.981387867647,0.981387867647,0.981387867647,1],"ix":3},"o":{"a":0,"k":100,"ix":4},"w":{"a":0,"k":2,"ix":5},"lc":1,"lj":1,"ml":4,"ml2":{"a":0,"k":4,"ix":8},"nm":"Stroke 1","mn":"ADBE Vector Graphic - Stroke","hd":false},{"ty":"fl","c":{"a":0,"k":[1,0,0,1],"ix":4},"o":{"a":0,"k":100,"ix":5},"r":1,"nm":"Fill 1","mn":"ADBE Vector Graphic - Fill","hd":true},{"ty":"tr","p":{"a":0,"k":[0,0],"ix":2},"a":{"a":0,"k":[0,0],"ix":1},"s":{"a":0,"k":[46.434,-92.446],"ix":3},"r":{"a":0,"k":0,"ix":6},"o":{"a":0,"k":100,"ix":7},"sk":{"a":0,"k":0,"ix":4},"sa":{"a":0,"k":0,"ix":5},"nm":"Transform"}],"nm":"Shape 1","np":4,"cix":2,"ix":1,"mn":"ADBE Vector Group","hd":false}],"ip":0,"op":100,"st":0,"bm":0},{"ddd":0,"ind":5,"ty":4,"nm":"Shape Layer 2","sr":1,"ks":{"o":{"a":0,"k":100,"ix":11},"r":{"a":0,"k":0,"ix":10},"p":{"a":0,"k":[65,86.5,0],"ix":2},"a":{"a":0,"k":[0,0,0],"ix":1},"s":{"a":0,"k":[100,100,100],"ix":6}},"ao":0,"shapes":[{"ty":"gr","it":[{"ind":0,"ty":"sh","ix":1,"ks":{"a":0,"k":{"i":[[0,0],[0,0]],"o":[[0,0],[0,0]],"v":[[-60.435,69.75],[-9.75,69.75]],"c":false},"ix":2},"nm":"Path 1","mn":"ADBE Vector Shape - Group","hd":false},{"ty":"tm","s":{"a":1,"k":[{"i":{"x":[0.197],"y":[1]},"o":{"x":[0.333],"y":[0]},"n":["0p197_1_0p333_0"],"t":0,"s":[100],"e":[0]},{"t":25}],"ix":1},"e":{"a":1,"k":[{"i":{"x":[0.198],"y":[1]},"o":{"x":[0.333],"y":[0]},"n":["0p198_1_0p333_0"],"t":15,"s":[100],"e":[0]},{"t":40}],"ix":2},"o":{"a":0,"k":0,"ix":3},"m":1,"ix":2,"nm":"Trim Paths 1","mn":"ADBE Vector Filter - Trim","hd":false},{"ty":"st","c":{"a":0,"k":[0.981387867647,0.981387867647,0.981387867647,1],"ix":3},"o":{"a":0,"k":100,"ix":4},"w":{"a":0,"k":2,"ix":5},"lc":1,"lj":1,"ml":4,"ml2":{"a":0,"k":4,"ix":8},"nm":"Stroke 1","mn":"ADBE Vector Graphic - Stroke","hd":false},{"ty":"fl","c":{"a":0,"k":[1,0,0,1],"ix":4},"o":{"a":0,"k":100,"ix":5},"r":1,"nm":"Fill 1","mn":"ADBE Vector Graphic - Fill","hd":true},{"ty":"tr","p":{"a":0,"k":[0,0],"ix":2},"a":{"a":0,"k":[0,0],"ix":1},"s":{"a":0,"k":[46.434,-92.446],"ix":3},"r":{"a":0,"k":0,"ix":6},"o":{"a":0,"k":100,"ix":7},"sk":{"a":0,"k":0,"ix":4},"sa":{"a":0,"k":0,"ix":5},"nm":"Transform"}],"nm":"Shape 1","np":4,"cix":2,"ix":1,"mn":"ADBE Vector Group","hd":false}],"ip":0,"op":100,"st":0,"bm":0},{"ddd":0,"ind":6,"ty":4,"nm":"Shape Layer 1","sr":1,"ks":{"o":{"a":0,"k":100,"ix":11},"r":{"a":0,"k":0,"ix":10},"p":{"a":0,"k":[75,75,0],"ix":2},"a":{"a":0,"k":[0,0,0],"ix":1},"s":{"a":0,"k":[100,100,100],"ix":6}},"ao":0,"shapes":[{"ty":"gr","it":[{"ind":0,"ty":"sh","ix":1,"ks":{"a":0,"k":{"i":[[0,0],[0,0]],"o":[[0,0],[0,0]],"v":[[-48.321,69.75],[-9.75,69.75]],"c":false},"ix":2},"nm":"Path 1","mn":"ADBE Vector Shape - Group","hd":false},{"ty":"tm","s":{"a":1,"k":[{"i":{"x":[0.197],"y":[1]},"o":{"x":[0.333],"y":[0]},"n":["0p197_1_0p333_0"],"t":0,"s":[100],"e":[0]},{"t":25}],"ix":1},"e":{"a":1,"k":[{"i":{"x":[0.198],"y":[1]},"o":{"x":[0.333],"y":[0]},"n":["0p198_1_0p333_0"],"t":15,"s":[100],"e":[0]},{"t":40}],"ix":2},"o":{"a":0,"k":0,"ix":3},"m":1,"ix":2,"nm":"Trim Paths 1","mn":"ADBE Vector Filter - Trim","hd":false},{"ty":"st","c":{"a":0,"k":[0.981387867647,0.981387867647,0.981387867647,1],"ix":3},"o":{"a":0,"k":100,"ix":4},"w":{"a":0,"k":2,"ix":5},"lc":1,"lj":1,"ml":4,"ml2":{"a":0,"k":4,"ix":8},"nm":"Stroke 1","mn":"ADBE Vector Graphic - Stroke","hd":false},{"ty":"fl","c":{"a":0,"k":[1,0,0,1],"ix":4},"o":{"a":0,"k":100,"ix":5},"r":1,"nm":"Fill 1","mn":"ADBE Vector Graphic - Fill","hd":true},{"ty":"tr","p":{"a":0,"k":[0,0],"ix":2},"a":{"a":0,"k":[0,0],"ix":1},"s":{"a":0,"k":[46.434,-92.446],"ix":3},"r":{"a":0,"k":0,"ix":6},"o":{"a":0,"k":100,"ix":7},"sk":{"a":0,"k":0,"ix":4},"sa":{"a":0,"k":0,"ix":5},"nm":"Transform"}],"nm":"Shape 1","np":4,"cix":2,"ix":1,"mn":"ADBE Vector Group","hd":false}],"ip":0,"op":100,"st":0,"bm":0},{"ddd":0,"ind":7,"ty":4,"nm":"btcl/FREE Outlines","sr":1,"ks":{"o":{"a":0,"k":100,"ix":11},"r":{"a":0,"k":0,"ix":10},"p":{"a":0,"k":[75,75,0],"ix":2},"a":{"a":0,"k":[72,72,0],"ix":1},"s":{"a":0,"k":[94.427,94.427,100],"ix":6}},"ao":0,"shapes":[{"ty":"gr","it":[{"ind":0,"ty":"sh","ix":1,"ks":{"a":0,"k":{"i":[[2.234,2.235],[0,0],[0,0],[4.203,0],[2.98,2.98],[0,4.265],[-2.981,2.986],[0,0],[0,0],[3.219,0],[2.231,-2.23],[0,0],[0,-3.223],[-2.228,-2.233],[0,0],[0,0],[-4.268,0],[-2.979,-2.979],[0,-4.262],[2.981,-2.986],[0,0],[0,0],[-3.222,0],[-2.226,2.232],[0,0],[0,0],[0,0],[2.773,0],[1.907,1.909],[0,0],[0,0],[0,4.339],[3.287,3.286],[4.696,0],[3.144,-2.814],[0,0],[0,0],[0,0],[0,2.764],[-1.907,1.909],[0,0],[-2.77,0],[-1.912,-1.91],[0,0],[0,0],[0,-4.335],[-3.288,-3.285],[-4.7,0],[-3.143,2.818],[0,0],[0,0],[0,-2.763],[1.913,-1.908],[0,0],[0,0],[0,0],[0,3.223]],"o":[[0,0],[0,0],[-2.937,2.938],[-4.266,0],[-2.98,-2.98],[0,-4.255],[0,0],[0,0],[-2.235,-2.23],[-3.222,0],[0,0],[-2.23,2.232],[0,3.218],[0,0],[0,0],[2.977,-2.979],[4.262,0],[2.98,2.98],[0,4.261],[0,0],[0,0],[2.231,2.232],[3.229,0],[0,0],[0,0],[0,0],[-1.905,1.909],[-2.769,0],[0,0],[0,0],[2.815,-3.148],[0,-4.696],[-3.287,-3.286],[-4.343,0],[0,0],[0,0],[0,0],[-1.908,-1.913],[0,-2.768],[0,0],[1.907,-1.909],[2.764,0],[0,0],[0,0],[-2.815,3.15],[0,4.701],[3.286,3.288],[4.342,0],[0,0],[0,0],[1.912,1.912],[0,2.768],[0,0],[0,0],[0,0],[2.234,-2.231],[0,-3.218]],"v":[[68.136,-24.393],[56.939,-35.497],[56.309,-34.865],[45.549,-30.436],[34.782,-34.865],[30.352,-45.631],[34.783,-56.393],[35.417,-57.027],[24.309,-68.138],[16.093,-71.5],[7.875,-68.138],[-68.141,7.79],[-71.501,16.009],[-68.144,24.224],[-57.031,35.422],[-56.393,34.784],[-45.626,30.357],[-34.867,34.784],[-30.438,45.545],[-34.867,56.313],[-35.503,56.947],[-24.311,68.136],[-16.092,71.5],[-7.872,68.136],[-6.452,66.715],[-6.452,64.176],[-9.141,66.868],[-16.092,69.705],[-23.042,66.867],[-32.977,56.932],[-32.887,56.829],[-28.645,45.545],[-33.598,33.515],[-45.626,28.562],[-56.91,32.802],[-57.012,32.893],[-57.109,32.795],[-66.87,22.958],[-69.708,16.009],[-66.872,9.06],[9.144,-66.867],[16.093,-69.705],[23.041,-66.867],[32.894,-57.012],[32.803,-56.91],[28.56,-45.631],[33.514,-33.596],[45.549,-28.641],[56.83,-32.887],[56.932,-32.978],[66.867,-23.123],[69.708,-16.175],[66.865,-9.225],[18.664,39.035],[20.437,39.799],[68.135,-7.955],[71.501,-16.175]],"c":true},"ix":2},"nm":"Path 1","mn":"ADBE Vector Shape - Group","hd":false},{"ind":1,"ty":"sh","ix":2,"ks":{"a":0,"k":{"i":[[0,0],[0,0],[0,0],[0,0],[0,0],[-0.819,-1.373],[-0.392,-1.423],[0.295,-1.311],[1.016,-1.221],[3.804,1.234],[0,0],[0,0],[0.288,-2.242],[2.616,-2.166],[1.368,-0.493],[1.114,0],[0.15,0.007],[1.405,0.593],[1.326,0.932],[1.569,1.42],[0,0],[0,0],[0,0],[0,0],[0,0],[0,0],[0.769,0.806],[0,0],[0,0],[0,0],[0,0],[0,0],[0,0],[0.654,0.674],[0.356,0.355],[0,0],[0,0],[0,0],[-1.436,1.045],[0,0],[0,0],[0,0],[1.699,1.698],[0,0],[0,0],[0,0],[-0.633,-0.594],[0,0],[0,0],[0,0],[0,0],[0,0],[0,0],[-0.707,-0.708],[0,0]],"o":[[0,0],[0,0],[0,0],[0,0],[1.292,1.544],[0.797,1.342],[0.374,1.353],[-0.302,1.317],[-2.803,3.418],[0,0],[0,0],[1.531,2.492],[-0.283,2.22],[-1.354,1.113],[-1.187,0.425],[-0.151,0],[-1.259,-0.068],[-1.437,-0.608],[-1.332,-0.94],[0,0],[0,0],[0,0],[0,0],[0,0],[0,0],[-1.449,-1.449],[0,0],[0,0],[0,0],[0,0],[0,0],[0,0],[-0.33,-0.331],[-0.662,-0.679],[0,0],[0,0],[0,0],[1.229,1.228],[0,0],[0,0],[0,0],[1.244,-1.837],[0,0],[0,0],[0,0],[1.211,1.212],[0,0],[0,0],[0,0],[0,0],[0,0],[0,0],[1.598,1.525],[0,0],[0,0]],"v":[[24.595,-20.877],[27.599,-17.873],[27.497,-17.771],[20.657,-10.93],[21.185,-10.3],[24.366,-5.905],[26.158,-1.739],[26.277,2.276],[24.291,6.1],[14.462,9.342],[12.147,8.591],[13.419,10.665],[15.293,17.799],[10.922,24.407],[6.82,26.826],[3.357,27.466],[2.907,27.454],[-1.109,26.457],[-5.273,24.136],[-9.643,20.581],[-10.277,20.007],[-17.326,27.055],[-20.333,24.049],[-20.231,23.946],[-13.363,17.08],[-13.999,16.445],[-17.341,13.047],[-17.977,12.383],[-24.988,19.394],[-27.993,16.387],[-27.893,16.285],[-20.915,9.308],[-21.55,8.673],[-23.025,7.166],[-24.548,5.618],[-29.348,0.817],[-24.893,-2.348],[-22.348,0.197],[-18.156,0.482],[-7.081,-11.031],[1.107,-18.767],[1.221,-18.906],[0.521,-24.393],[-1.925,-26.839],[1.355,-30.119],[6.581,-24.843],[9.322,-22.159],[9.955,-21.562],[16.934,-28.539],[19.939,-25.534],[19.837,-25.432],[13.067,-18.663],[13.732,-18.029],[17.157,-14.711],[17.792,-14.076]],"c":true},"ix":2},"nm":"Path 2","mn":"ADBE Vector Shape - Group","hd":false},{"ind":2,"ty":"sh","ix":3,"ks":{"a":0,"k":{"i":[[0,0],[0.769,0.736],[0,0],[0,0],[0,0],[0,0],[0,0],[0.775,0.775],[0,0],[0,0],[0,0],[0.478,-0.738],[0,0],[0.594,0.594],[0,0],[0,0],[0,0],[-0.653,-0.671],[0,0],[0,0],[0,0],[0,0],[0,0],[-0.74,-0.743],[0,0],[0,0],[0,0],[0,0],[0,0],[0,0],[-1.18,-0.833],[-1.554,-0.658],[-1.467,-0.079],[-1.579,0.565],[-1.512,1.243],[-0.341,2.686],[0.951,2.138],[0,0],[0,0],[-2.714,3.308],[-0.366,1.597],[0.455,1.639],[0.871,1.471],[0,0],[1.087,1.353],[0,0],[0,0],[0,0],[0,0],[0,0]],"o":[[-0.53,-0.518],[0,0],[0,0],[0,0],[0,0],[0,0],[-0.537,-0.521],[0,0],[0,0],[0,0],[1.379,1.379],[0,0],[-0.721,0.502],[0,0],[0,0],[0,0],[0.351,0.35],[0,0],[0,0],[0,0],[0,0],[0,0],[0.525,0.54],[0,0],[0,0],[0,0],[0,0],[0,0],[0,0],[1.344,1.18],[1.43,1.004],[1.597,0.676],[1.487,0.079],[1.565,-0.565],[2.981,-2.467],[0.258,-2.016],[0,0],[0,0],[3.582,0.444],[1.195,-1.434],[0.364,-1.608],[-0.435,-1.57],[0,0],[-0.735,-1.231],[0,0],[0,0],[0,0],[0,0],[0,0],[0,0]],"v":[[17.688,-16.711],[15.741,-18.591],[15.635,-18.693],[22.477,-25.534],[16.934,-31.078],[9.923,-24.067],[9.821,-24.165],[7.853,-26.109],[1.361,-32.663],[-4.464,-26.839],[-0.747,-23.123],[-0.219,-19.983],[-19.258,-0.938],[-21.078,-1.072],[-24.697,-4.689],[-32.119,0.584],[-25.816,6.888],[-24.313,8.419],[-23.449,9.304],[-30.533,16.387],[-24.988,21.933],[-18.001,14.947],[-17.9,15.053],[-16.003,16.978],[-15.902,17.079],[-16.003,17.182],[-22.872,24.049],[-17.326,29.594],[-10.212,22.481],[-10.111,22.57],[-6.307,25.604],[-1.809,28.109],[2.81,29.246],[7.426,28.516],[12.064,25.792],[17.073,18.026],[16.03,11.764],[15.925,11.531],[16.179,11.563],[25.674,7.243],[28.026,2.675],[27.889,-2.218],[25.923,-6.8],[25.908,-6.824],[23.163,-10.718],[23.082,-10.818],[23.173,-10.91],[30.138,-17.873],[24.595,-23.416],[17.789,-16.611]],"c":true},"ix":2},"nm":"Path 3","mn":"ADBE Vector Shape - Group","hd":false},{"ind":3,"ty":"sh","ix":4,"ks":{"a":0,"k":{"i":[[0,0],[-0.153,-0.158],[-0.298,-0.299],[-0.55,-0.507],[-0.418,-0.339],[-0.585,-0.401],[-0.45,-0.217],[-0.56,-0.171],[-0.421,0.028],[-0.446,0.185],[-0.378,0.377],[-0.173,0.571],[0.055,0.538],[0.33,0.689],[0.36,0.543],[0.629,0.72],[0.401,0.401],[0.635,0.603],[0.181,0.172]],"o":[[0.115,0.119],[0.447,0.465],[0.295,0.294],[0.55,0.501],[0.419,0.341],[0.584,0.402],[0.455,0.22],[0.511,0.158],[0.426,-0.027],[0.428,-0.177],[0.486,-0.486],[0.178,-0.593],[-0.054,-0.549],[-0.348,-0.725],[-0.359,-0.538],[-0.617,-0.711],[-0.392,-0.392],[-0.272,-0.258],[0,0]],"v":[[1.794,-4.934],[2.197,-4.519],[3.315,-3.375],[4.585,-2.174],[6.037,-0.91],[7.548,0.208],[9.106,1.141],[10.634,1.731],[12.042,1.929],[13.357,1.61],[14.573,0.774],[15.565,-0.819],[15.753,-2.523],[15.175,-4.387],[14.108,-6.297],[12.62,-8.193],[11.086,-9.868],[9.547,-11.362],[8.867,-12.007]],"c":true},"ix":2},"nm":"Path 4","mn":"ADBE Vector Shape - Group","hd":false},{"ind":4,"ty":"sh","ix":5,"ks":{"a":0,"k":{"i":[[0.089,0],[0.567,0.174],[0.517,0.251],[0.641,0.441],[0.447,0.363],[0.572,0.523],[0.304,0.305],[0.452,0.47],[0.125,0.126],[0,0],[0,0],[0,0],[-0.636,-0.601],[-0.397,-0.399],[-0.638,-0.732],[-0.391,-0.587],[0,0],[-0.375,-0.782],[-0.069,-0.714],[0.231,-0.764],[0.644,-0.645],[0.593,-0.247],[0.575,-0.036]],"o":[[-0.511,0],[-0.625,-0.191],[-0.51,-0.247],[-0.612,-0.42],[-0.433,-0.354],[-0.57,-0.524],[-0.304,-0.303],[-0.447,-0.46],[0,0],[0,0],[0,0],[0.124,0.125],[0.644,0.614],[0.424,0.423],[0.666,0.764],[0,0],[0.394,0.594],[0.403,0.843],[0.072,0.713],[-0.239,0.786],[-0.504,0.504],[-0.584,0.241],[-0.088,0.005]],"v":[[11.862,3.282],[10.238,3.019],[8.518,2.354],[6.783,1.318],[5.186,0.136],[3.676,-1.181],[2.362,-2.423],[1.228,-3.583],[0.369,-4.464],[-0.105,-4.94],[8.861,-13.906],[9.337,-13.428],[10.475,-12.339],[12.038,-10.82],[13.637,-9.079],[15.23,-7.043],[15.23,-7.042],[16.39,-4.969],[17.093,-2.656],[16.855,-0.429],[15.526,1.726],[13.872,2.856],[12.126,3.274]],"c":true},"ix":2},"nm":"Path 5","mn":"ADBE Vector Shape - Group","hd":false},{"ind":5,"ty":"sh","ix":6,"ks":{"a":0,"k":{"i":[[0,0],[-0.215,-0.221],[-0.351,-0.35],[-0.647,-0.592],[-0.482,-0.392],[-0.692,-0.476],[-0.53,-0.255],[-0.657,-0.2],[-0.506,0.032],[-0.534,0.221],[-0.453,0.454],[-0.209,0.687],[0.065,0.646],[0.393,0.818],[0.424,0.634],[0,0],[0.735,0.84],[0.469,0.467],[0.744,0.707],[0.223,0.213]],"o":[[0.152,0.157],[0.524,0.544],[0.345,0.346],[0.664,0.608],[0.486,0.397],[0.691,0.475],[0.541,0.261],[0.613,0.189],[0.511,-0.031],[0.517,-0.214],[0.582,-0.581],[0.213,-0.708],[-0.065,-0.655],[-0.411,-0.858],[0,0],[-0.427,-0.642],[-0.727,-0.837],[-0.46,-0.461],[-0.362,-0.342],[0,0]],"v":[[-11.796,8.588],[-11.247,9.156],[-9.936,10.496],[-8.445,11.905],[-6.738,13.392],[-4.964,14.707],[-3.124,15.807],[-1.318,16.504],[0.373,16.741],[1.948,16.36],[3.41,15.354],[4.602,13.441],[4.826,11.4],[4.138,9.181],[2.88,6.931],[2.88,6.93],[1.13,4.697],[-0.673,2.732],[-2.477,0.979],[-3.354,0.145]],"c":true},"ix":2},"nm":"Path 6","mn":"ADBE Vector Shape - Group","hd":false},{"ind":6,"ty":"sh","ix":7,"ks":{"a":0,"k":{"i":[[0.101,0],[0.654,0.201],[0.604,0.292],[0.758,0.522],[0.516,0.42],[0.685,0.626],[0.357,0.356],[0.53,0.55],[0.148,0.147],[0,0],[0,0],[0,0],[-0.745,-0.706],[-0.465,-0.465],[-0.747,-0.859],[-0.46,-0.691],[-0.439,-0.915],[-0.08,-0.812],[0.266,-0.879],[0.74,-0.742],[0.682,-0.283],[0.661,-0.041]],"o":[[-0.587,0],[-0.721,-0.22],[-0.597,-0.289],[-0.721,-0.496],[-0.502,-0.41],[-0.665,-0.611],[-0.355,-0.355],[-0.522,-0.539],[0,0],[0,0],[0,0],[0.147,0.147],[0.754,0.718],[0.491,0.491],[0.771,0.883],[0.457,0.687],[0.46,0.96],[0.083,0.821],[-0.274,0.902],[-0.581,0.579],[-0.671,0.278],[-0.098,0.007]],"v":[[0.155,18.095],[-1.714,17.792],[-3.712,17.021],[-5.727,15.816],[-7.59,14.437],[-9.354,12.899],[-10.889,11.449],[-12.216,10.092],[-13.221,9.061],[-13.699,8.585],[-3.361,-1.753],[-2.885,-1.277],[-1.549,0.002],[0.28,1.778],[2.146,3.812],[4.002,6.184],[5.353,8.599],[6.166,11.268],[5.891,13.831],[4.364,16.307],[2.463,17.605],[0.455,18.086]],"c":true},"ix":2},"nm":"Path 7","mn":"ADBE Vector Shape - Group","hd":false},{"ty":"mm","mm":1,"nm":"Merge Paths 1","mn":"ADBE Vector Filter - Merge","hd":false},{"ty":"fl","c":{"a":0,"k":[1,1,1,1],"ix":4},"o":{"a":0,"k":100,"ix":5},"r":1,"nm":"Fill 1","mn":"ADBE Vector Graphic - Fill","hd":false},{"ty":"tr","p":{"a":0,"k":[71.75,71.75],"ix":2},"a":{"a":0,"k":[0,0],"ix":1},"s":{"a":0,"k":[100,100],"ix":3},"r":{"a":0,"k":0,"ix":6},"o":{"a":0,"k":100,"ix":7},"sk":{"a":0,"k":0,"ix":4},"sa":{"a":0,"k":0,"ix":5},"nm":"Transform"}],"nm":"Group 1","np":9,"cix":2,"ix":1,"mn":"ADBE Vector Group","hd":false}],"ip":0,"op":100,"st":0,"bm":0},{"ddd":0,"ind":8,"ty":4,"nm":"free/FREE Outlines","sr":1,"ks":{"o":{"a":0,"k":100,"ix":11},"r":{"a":1,"k":[{"i":{"x":[0.667],"y":[1]},"o":{"x":[1],"y":[0]},"n":["0p667_1_1_0"],"t":40,"s":[0],"e":[9]},{"i":{"x":[0.667],"y":[1]},"o":{"x":[0.333],"y":[0]},"n":["0p667_1_0p333_0"],"t":47,"s":[9],"e":[-9]},{"i":{"x":[0.15],"y":[1]},"o":{"x":[0.333],"y":[0]},"n":["0p15_1_0p333_0"],"t":54,"s":[-9],"e":[0]},{"t":60}],"ix":10},"p":{"a":0,"k":[103,126,0],"ix":2},"a":{"a":0,"k":[37,13.5,0],"ix":1},"s":{"a":1,"k":[{"i":{"x":[0.667,0.667,0.667],"y":[1,1,1]},"o":{"x":[0.333,0.333,0.333],"y":[0,0,0]},"n":["0p667_1_0p333_0","0p667_1_0p333_0","0p667_1_0p333_0"],"t":40,"s":[75.156,75.156,100],"e":[85.156,85.156,100]},{"i":{"x":[0.667,0.667,0.667],"y":[1,1,1]},"o":{"x":[0.333,0.333,0.333],"y":[0,0,0]},"n":["0p667_1_0p333_0","0p667_1_0p333_0","0p667_1_0p333_0"],"t":47,"s":[85.156,85.156,100],"e":[75.156,75.156,100]},{"t":60}],"ix":6}},"ao":0,"shapes":[{"ty":"gr","it":[{"ind":0,"ty":"sh","ix":1,"ks":{"a":0,"k":{"i":[[0,0],[0,0],[1.16,1.137],[1.813,0],[1.213,-1.139],[0.263,-1.843],[0,0]],"o":[[0,0],[-0.191,-1.846],[-1.169,-1.143],[-1.833,0],[-1.204,1.133],[0,0],[0,0]],"v":[[35.061,2.995],[35.017,2.57],[32.98,-1.924],[28.487,-3.648],[23.896,-1.93],[21.684,2.555],[21.621,2.995]],"c":true},"ix":2},"nm":"Path 1","mn":"ADBE Vector Shape - Group","hd":false},{"ind":1,"ty":"sh","ix":2,"ks":{"a":0,"k":{"i":[[0.266,0],[0,0],[0,0],[-1.349,-1.229],[-2.012,0],[-0.872,0.299],[-0.523,0.453],[-0.362,-0.254],[0,-0.232],[0.162,-0.148],[1.12,-0.406],[1.029,0],[1.377,0.777],[0.773,1.384],[0,1.757],[-0.734,1.391],[-1.294,0.772],[-1.661,0],[-1.238,-0.75],[-0.684,-1.327],[0,-1.715],[0.152,-0.143]],"o":[[0,0],[0,0],[0.192,1.966],[1.349,1.229],[0.865,0],[0.877,-0.299],[0.395,-0.304],[0.217,0.201],[0,0.189],[-0.716,0.609],[-1.117,0.406],[-1.755,0],[-1.374,-0.774],[-0.776,-1.388],[0,-1.782],[0.73,-1.383],[1.296,-0.773],[1.615,0],[1.238,0.748],[0.69,1.336],[0,0.259],[-0.156,0.148]],"v":[[35.871,4.424],[21.571,4.424],[21.613,4.846],[23.935,9.661],[29.001,11.512],[31.618,11.062],[33.736,9.921],[34.923,9.829],[35.246,10.473],[35.003,10.971],[32.236,12.499],[29.001,13.111],[24.28,11.941],[21.044,8.689],[19.874,3.95],[20.98,-0.833],[24.031,-4.083],[28.487,-5.247],[32.787,-4.118],[35.683,-0.99],[36.722,3.605],[36.498,4.202]],"c":true},"ix":2},"nm":"Path 2","mn":"ADBE Vector Shape - Group","hd":false},{"ind":2,"ty":"sh","ix":3,"ks":{"a":0,"k":{"i":[[0,0],[0,0],[1.16,1.137],[1.814,0],[1.212,-1.139],[0,0],[0.263,-1.843],[0,0]],"o":[[0,0],[-0.192,-1.846],[-1.169,-1.143],[-1.832,0],[0,0],[-1.205,1.133],[0,0],[0,0]],"v":[[14.662,2.995],[14.617,2.57],[12.581,-1.924],[8.086,-3.648],[3.497,-1.93],[3.496,-1.93],[1.284,2.555],[1.221,2.995]],"c":true},"ix":2},"nm":"Path 3","mn":"ADBE Vector Shape - Group","hd":false},{"ind":3,"ty":"sh","ix":4,"ks":{"a":0,"k":{"i":[[-0.685,-1.327],[0,-1.715],[0.152,-0.143],[0.268,0],[0,0],[0,0],[-1.349,-1.229],[-2.014,0],[-0.872,0.299],[-0.522,0.453],[-0.362,-0.254],[0,-0.232],[0.162,-0.148],[1.121,-0.406],[1.028,0],[1.377,0.777],[0.772,1.384],[0,1.757],[-0.734,1.391],[-1.295,0.772],[-1.66,0],[-1.237,-0.75]],"o":[[0.688,1.336],[0,0.259],[-0.155,0.148],[0,0],[0,0],[0.194,1.966],[1.349,1.229],[0.863,0],[0.877,-0.299],[0.395,-0.304],[0.218,0.201],[0,0.189],[-0.717,0.609],[-1.118,0.406],[-1.757,0],[-1.374,-0.774],[-0.776,-1.388],[0,-1.782],[0.729,-1.383],[1.296,-0.773],[1.617,0],[1.237,0.748]],"v":[[15.284,-0.99],[16.322,3.605],[16.097,4.202],[15.47,4.424],[1.171,4.424],[1.212,4.846],[3.535,9.661],[8.602,11.512],[11.217,11.062],[13.336,9.921],[14.523,9.829],[14.845,10.473],[14.604,10.971],[11.836,12.499],[8.602,13.111],[3.88,11.941],[0.644,8.689],[-0.525,3.95],[0.581,-0.833],[3.631,-4.083],[8.086,-5.247],[12.387,-4.118]],"c":true},"ix":2},"nm":"Path 4","mn":"ADBE Vector Shape - Group","hd":false},{"ind":4,"ty":"sh","ix":5,"ks":{"a":0,"k":{"i":[[0.551,0.248],[0.903,0],[0.972,-0.496],[0.624,-0.903],[0,0],[0,0],[0.156,0.156],[0.307,0],[0.156,-0.155],[0,-0.309],[0,0],[-0.154,-0.153],[-0.31,0.31],[0,0.309],[0,0],[-1.173,0.988],[-1.801,0],[-0.193,-0.025],[-0.199,0],[-0.132,0.077],[-0.043,0.152],[0,0.14]],"o":[[-0.508,-0.227],[-1.123,0],[-0.968,0.494],[0,0],[0,0],[0,-0.308],[-0.155,-0.155],[-0.309,0],[-0.155,0.155],[0,0],[0,0.31],[0.311,0.312],[0.156,-0.155],[0,0],[0,-1.578],[1.155,-0.972],[0.388,0],[0.476,0.043],[0.269,0],[0.132,-0.078],[0.006,-0.017],[0,-0.187]],"v":[[-3.25,-4.939],[-5.376,-5.281],[-8.532,-4.534],[-10.931,-2.426],[-11.633,-1.409],[-11.633,-4.156],[-11.865,-4.846],[-12.553,-5.076],[-13.243,-4.846],[-13.473,-4.156],[-13.473,12.02],[-13.244,12.708],[-11.865,12.71],[-11.633,12.02],[-11.633,1.751],[-9.866,-2.115],[-5.411,-3.579],[-4.54,-3.542],[-3.521,-3.477],[-2.91,-3.594],[-2.656,-4.021],[-2.636,-4.225]],"c":true},"ix":2},"nm":"Path 5","mn":"ADBE Vector Shape - Group","hd":false},{"ind":5,"ty":"sh","ix":6,"ks":{"a":0,"k":{"i":[[-0.178,-0.178],[0,-0.261],[0.176,-0.169],[0.288,0],[0,0],[0,0],[0,0],[-0.18,-0.17],[0,-0.281],[0.178,-0.178],[0.29,0],[0,0],[0,0],[0.182,-0.19],[0.396,0.396],[0,0],[0,0.267],[0,0],[-0.189,0.181],[-0.268,0],[0,0]],"o":[[0.179,0.179],[0,0.263],[-0.18,0.171],[0,0],[0,0],[0,0],[0.289,0],[0.174,0.167],[0,0.262],[-0.181,0.181],[0,0],[0,0],[0,0.265],[-0.347,0.363],[0,0],[-0.192,-0.191],[0,0],[0,-0.286],[0.189,-0.182],[0,0],[0.285,0]],"v":[[-18.973,-12.848],[-18.708,-12.193],[-18.966,-11.561],[-19.662,-11.307],[-34.815,-11.307],[-34.815,-1.057],[-23.68,-1.057],[-22.984,-0.805],[-22.726,-0.137],[-22.99,0.516],[-23.68,0.783],[-34.815,0.783],[-34.815,11.986],[-35.085,12.663],[-36.441,12.658],[-36.441,12.658],[-36.722,11.986],[-36.722,-12.158],[-36.446,-12.842],[-35.768,-13.111],[-19.662,-13.111]],"c":true},"ix":2},"nm":"Path 6","mn":"ADBE Vector Shape - Group","hd":false},{"ty":"mm","mm":1,"nm":"Merge Paths 1","mn":"ADBE Vector Filter - Merge","hd":false},{"ty":"fl","c":{"a":0,"k":[1,1,1,1],"ix":4},"o":{"a":0,"k":100,"ix":5},"r":1,"nm":"Fill 1","mn":"ADBE Vector Graphic - Fill","hd":false},{"ty":"tr","p":{"a":0,"k":[36.972,13.362],"ix":2},"a":{"a":0,"k":[0,0],"ix":1},"s":{"a":0,"k":[100,100],"ix":3},"r":{"a":0,"k":0,"ix":6},"o":{"a":0,"k":100,"ix":7},"sk":{"a":0,"k":0,"ix":4},"sa":{"a":0,"k":0,"ix":5},"nm":"Transform"}],"nm":"Group 1","np":8,"cix":2,"ix":1,"mn":"ADBE Vector Group","hd":false}],"ip":0,"op":100,"st":0,"bm":0}],"markers":[]}