{"v":"5.3.4","fr":25,"ip":0,"op":100,"w":150,"h":150,"nm":"Comp 1","ddd":0,"assets":[],"layers":[{"ddd":0,"ind":1,"ty":4,"nm":"Shape Layer 2","sr":1,"ks":{"o":{"a":0,"k":100,"ix":11},"r":{"a":0,"k":0,"ix":10},"p":{"a":0,"k":[75,75,0],"ix":2},"a":{"a":0,"k":[0,0,0],"ix":1},"s":{"a":0,"k":[100,100,100],"ix":6}},"ao":0,"shapes":[{"ty":"gr","it":[{"ind":0,"ty":"sh","ix":1,"ks":{"a":0,"k":{"i":[[0,0],[0,0]],"o":[[0,0],[0,0]],"v":[[0.625,-44.75],[21.875,-44.75]],"c":false},"ix":2},"nm":"Path 1","mn":"ADBE Vector Shape - Group","hd":false},{"ty":"tm","s":{"a":0,"k":0,"ix":1},"e":{"a":1,"k":[{"i":{"x":[0.204],"y":[1]},"o":{"x":[0.333],"y":[0]},"n":["0p204_1_0p333_0"],"t":0,"s":[0],"e":[100]},{"i":{"x":[0.306],"y":[1]},"o":{"x":[0.333],"y":[0]},"n":["0p306_1_0p333_0"],"t":50,"s":[100],"e":[0]},{"t":99}],"ix":2},"o":{"a":0,"k":0,"ix":3},"m":1,"ix":2,"nm":"Trim Paths 1","mn":"ADBE Vector Filter - Trim","hd":false},{"ty":"st","c":{"a":0,"k":[0.981387867647,0.981387867647,0.981387867647,1],"ix":3},"o":{"a":0,"k":100,"ix":4},"w":{"a":0,"k":2,"ix":5},"lc":1,"lj":1,"ml":4,"ml2":{"a":0,"k":4,"ix":8},"nm":"Stroke 1","mn":"ADBE Vector Graphic - Stroke","hd":false},{"ty":"fl","c":{"a":0,"k":[1,0,0,1],"ix":4},"o":{"a":0,"k":100,"ix":5},"r":1,"nm":"Fill 1","mn":"ADBE Vector Graphic - Fill","hd":true},{"ty":"tr","p":{"a":0,"k":[0,0],"ix":2},"a":{"a":0,"k":[0,0],"ix":1},"s":{"a":0,"k":[100,100],"ix":3},"r":{"a":0,"k":0,"ix":6},"o":{"a":0,"k":100,"ix":7},"sk":{"a":0,"k":0,"ix":4},"sa":{"a":0,"k":0,"ix":5},"nm":"Transform"}],"nm":"Shape 1","np":4,"cix":2,"ix":1,"mn":"ADBE Vector Group","hd":false}],"ip":0,"op":100,"st":0,"bm":0},{"ddd":0,"ind":2,"ty":4,"nm":"Shape Layer 3","sr":1,"ks":{"o":{"a":0,"k":100,"ix":11},"r":{"a":0,"k":0,"ix":10},"p":{"a":0,"k":[75,90.625,0],"ix":2},"a":{"a":0,"k":[0,0,0],"ix":1},"s":{"a":0,"k":[100,100,100],"ix":6}},"ao":0,"shapes":[{"ty":"gr","it":[{"ind":0,"ty":"sh","ix":1,"ks":{"a":0,"k":{"i":[[0,0],[0,0]],"o":[[0,0],[0,0]],"v":[[0.625,-44.75],[51.062,-44.875]],"c":false},"ix":2},"nm":"Path 1","mn":"ADBE Vector Shape - Group","hd":false},{"ty":"tm","s":{"a":0,"k":0,"ix":1},"e":{"a":1,"k":[{"i":{"x":[0.204],"y":[1]},"o":{"x":[0.333],"y":[0]},"n":["0p204_1_0p333_0"],"t":0,"s":[0],"e":[100]},{"i":{"x":[0.306],"y":[1]},"o":{"x":[0.333],"y":[0]},"n":["0p306_1_0p333_0"],"t":50,"s":[100],"e":[0]},{"t":99}],"ix":2},"o":{"a":0,"k":0,"ix":3},"m":1,"ix":2,"nm":"Trim Paths 1","mn":"ADBE Vector Filter - Trim","hd":false},{"ty":"st","c":{"a":0,"k":[0.981387867647,0.981387867647,0.981387867647,1],"ix":3},"o":{"a":0,"k":100,"ix":4},"w":{"a":0,"k":2,"ix":5},"lc":1,"lj":1,"ml":4,"ml2":{"a":0,"k":4,"ix":8},"nm":"Stroke 1","mn":"ADBE Vector Graphic - Stroke","hd":false},{"ty":"fl","c":{"a":0,"k":[1,0,0,1],"ix":4},"o":{"a":0,"k":100,"ix":5},"r":1,"nm":"Fill 1","mn":"ADBE Vector Graphic - Fill","hd":true},{"ty":"tr","p":{"a":0,"k":[0,0],"ix":2},"a":{"a":0,"k":[0,0],"ix":1},"s":{"a":0,"k":[100,100],"ix":3},"r":{"a":0,"k":0,"ix":6},"o":{"a":0,"k":100,"ix":7},"sk":{"a":0,"k":0,"ix":4},"sa":{"a":0,"k":0,"ix":5},"nm":"Transform"}],"nm":"Shape 1","np":4,"cix":2,"ix":1,"mn":"ADBE Vector Group","hd":false}],"ip":0,"op":100,"st":0,"bm":0},{"ddd":0,"ind":3,"ty":4,"nm":"Shape Layer 4","sr":1,"ks":{"o":{"a":0,"k":100,"ix":11},"r":{"a":0,"k":0,"ix":10},"p":{"a":0,"k":[75,106.875,0],"ix":2},"a":{"a":0,"k":[0,0,0],"ix":1},"s":{"a":0,"k":[100,100,100],"ix":6}},"ao":0,"shapes":[{"ty":"gr","it":[{"ind":0,"ty":"sh","ix":1,"ks":{"a":0,"k":{"i":[[0,0],[0,0]],"o":[[0,0],[0,0]],"v":[[0.625,-44.75],[51.062,-44.875]],"c":false},"ix":2},"nm":"Path 1","mn":"ADBE Vector Shape - Group","hd":false},{"ty":"tm","s":{"a":0,"k":0,"ix":1},"e":{"a":1,"k":[{"i":{"x":[0.204],"y":[1]},"o":{"x":[0.333],"y":[0]},"n":["0p204_1_0p333_0"],"t":0,"s":[0],"e":[100]},{"i":{"x":[0.306],"y":[1]},"o":{"x":[0.333],"y":[0]},"n":["0p306_1_0p333_0"],"t":50,"s":[100],"e":[0]},{"t":99}],"ix":2},"o":{"a":0,"k":0,"ix":3},"m":1,"ix":2,"nm":"Trim Paths 1","mn":"ADBE Vector Filter - Trim","hd":false},{"ty":"st","c":{"a":0,"k":[0.981387867647,0.981387867647,0.981387867647,1],"ix":3},"o":{"a":0,"k":100,"ix":4},"w":{"a":0,"k":2,"ix":5},"lc":1,"lj":1,"ml":4,"ml2":{"a":0,"k":4,"ix":8},"nm":"Stroke 1","mn":"ADBE Vector Graphic - Stroke","hd":false},{"ty":"fl","c":{"a":0,"k":[1,0,0,1],"ix":4},"o":{"a":0,"k":100,"ix":5},"r":1,"nm":"Fill 1","mn":"ADBE Vector Graphic - Fill","hd":true},{"ty":"tr","p":{"a":0,"k":[0,0],"ix":2},"a":{"a":0,"k":[0,0],"ix":1},"s":{"a":0,"k":[100,100],"ix":3},"r":{"a":0,"k":0,"ix":6},"o":{"a":0,"k":100,"ix":7},"sk":{"a":0,"k":0,"ix":4},"sa":{"a":0,"k":0,"ix":5},"nm":"Transform"}],"nm":"Shape 1","np":4,"cix":2,"ix":1,"mn":"ADBE Vector Group","hd":false}],"ip":0,"op":100,"st":0,"bm":0},{"ddd":0,"ind":4,"ty":4,"nm":"Shape Layer 5","sr":1,"ks":{"o":{"a":0,"k":100,"ix":11},"r":{"a":0,"k":0,"ix":10},"p":{"a":0,"k":[75,122.875,0],"ix":2},"a":{"a":0,"k":[0,0,0],"ix":1},"s":{"a":0,"k":[100,100,100],"ix":6}},"ao":0,"shapes":[{"ty":"gr","it":[{"ind":0,"ty":"sh","ix":1,"ks":{"a":0,"k":{"i":[[0,0],[0,0]],"o":[[0,0],[0,0]],"v":[[0.625,-44.75],[51.062,-44.875]],"c":false},"ix":2},"nm":"Path 1","mn":"ADBE Vector Shape - Group","hd":false},{"ty":"tm","s":{"a":0,"k":0,"ix":1},"e":{"a":1,"k":[{"i":{"x":[0.204],"y":[1]},"o":{"x":[0.333],"y":[0]},"n":["0p204_1_0p333_0"],"t":0,"s":[0],"e":[100]},{"i":{"x":[0.306],"y":[1]},"o":{"x":[0.333],"y":[0]},"n":["0p306_1_0p333_0"],"t":50,"s":[100],"e":[0]},{"t":99}],"ix":2},"o":{"a":0,"k":0,"ix":3},"m":1,"ix":2,"nm":"Trim Paths 1","mn":"ADBE Vector Filter - Trim","hd":false},{"ty":"st","c":{"a":0,"k":[0.981387867647,0.981387867647,0.981387867647,1],"ix":3},"o":{"a":0,"k":100,"ix":4},"w":{"a":0,"k":2,"ix":5},"lc":1,"lj":1,"ml":4,"ml2":{"a":0,"k":4,"ix":8},"nm":"Stroke 1","mn":"ADBE Vector Graphic - Stroke","hd":false},{"ty":"fl","c":{"a":0,"k":[1,0,0,1],"ix":4},"o":{"a":0,"k":100,"ix":5},"r":1,"nm":"Fill 1","mn":"ADBE Vector Graphic - Fill","hd":true},{"ty":"tr","p":{"a":0,"k":[0,0],"ix":2},"a":{"a":0,"k":[0,0],"ix":1},"s":{"a":0,"k":[100,100],"ix":3},"r":{"a":0,"k":0,"ix":6},"o":{"a":0,"k":100,"ix":7},"sk":{"a":0,"k":0,"ix":4},"sa":{"a":0,"k":0,"ix":5},"nm":"Transform"}],"nm":"Shape 1","np":4,"cix":2,"ix":1,"mn":"ADBE Vector Group","hd":false}],"ip":0,"op":100,"st":0,"bm":0},{"ddd":0,"ind":5,"ty":4,"nm":"Shape Layer 1","sr":1,"ks":{"o":{"a":0,"k":100,"ix":11},"r":{"a":0,"k":0,"ix":10},"p":{"a":0,"k":[75,138.062,0],"ix":2},"a":{"a":0,"k":[0,0,0],"ix":1},"s":{"a":0,"k":[100,100,100],"ix":6}},"ao":0,"shapes":[{"ty":"gr","it":[{"ind":0,"ty":"sh","ix":1,"ks":{"a":0,"k":{"i":[[0,0],[0,0]],"o":[[0,0],[0,0]],"v":[[0.625,-44.75],[51.062,-44.875]],"c":false},"ix":2},"nm":"Path 1","mn":"ADBE Vector Shape - Group","hd":false},{"ty":"tm","s":{"a":0,"k":0,"ix":1},"e":{"a":1,"k":[{"i":{"x":[0.204],"y":[1]},"o":{"x":[0.333],"y":[0]},"n":["0p204_1_0p333_0"],"t":0,"s":[0],"e":[100]},{"i":{"x":[0.306],"y":[1]},"o":{"x":[0.333],"y":[0]},"n":["0p306_1_0p333_0"],"t":50,"s":[100],"e":[0]},{"t":99}],"ix":2},"o":{"a":0,"k":0,"ix":3},"m":1,"ix":2,"nm":"Trim Paths 1","mn":"ADBE Vector Filter - Trim","hd":false},{"ty":"st","c":{"a":0,"k":[0.981387867647,0.981387867647,0.981387867647,1],"ix":3},"o":{"a":0,"k":100,"ix":4},"w":{"a":0,"k":2,"ix":5},"lc":1,"lj":1,"ml":4,"ml2":{"a":0,"k":4,"ix":8},"nm":"Stroke 1","mn":"ADBE Vector Graphic - Stroke","hd":false},{"ty":"fl","c":{"a":0,"k":[1,0,0,1],"ix":4},"o":{"a":0,"k":100,"ix":5},"r":1,"nm":"Fill 1","mn":"ADBE Vector Graphic - Fill","hd":true},{"ty":"tr","p":{"a":0,"k":[0,0],"ix":2},"a":{"a":0,"k":[0,0],"ix":1},"s":{"a":0,"k":[100,100],"ix":3},"r":{"a":0,"k":0,"ix":6},"o":{"a":0,"k":100,"ix":7},"sk":{"a":0,"k":0,"ix":4},"sa":{"a":0,"k":0,"ix":5},"nm":"Transform"}],"nm":"Shape 1","np":4,"cix":2,"ix":1,"mn":"ADBE Vector Group","hd":false}],"ip":0,"op":100,"st":0,"bm":0},{"ddd":0,"ind":6,"ty":4,"nm":"Rama/smartcontract Outlines","sr":1,"ks":{"o":{"a":0,"k":100,"ix":11},"r":{"a":0,"k":0,"ix":10},"p":{"a":0,"k":[101.25,62.25,0],"ix":2},"a":{"a":0,"k":[48.5,62,0],"ix":1},"s":{"a":0,"k":[94.763,94.763,100],"ix":6}},"ao":0,"shapes":[{"ty":"gr","it":[{"ind":0,"ty":"sh","ix":1,"ks":{"a":0,"k":{"i":[[0,0],[-0.664,0.275],[-0.507,-0.509],[0,0],[0.276,-0.665],[0.719,0],[0,0],[0,0.977]],"o":[[0,-0.719],[0.665,-0.275],[0,0],[0.509,0.508],[-0.275,0.664],[0,0],[-0.976,0],[0,0]],"v":[[18.751,-53.83],[19.845,-55.467],[21.775,-55.083],[41.501,-35.357],[41.885,-33.426],[40.249,-32.332],[20.522,-32.332],[18.751,-34.104]],"c":true},"ix":2},"nm":"Path 1","mn":"ADBE Vector Shape - Group","hd":false},{"ind":1,"ty":"sh","ix":2,"ks":{"a":0,"k":{"i":[[0,0],[0,0],[0,0],[0,0],[-0.976,0],[0,0],[0,-0.976],[0,0],[0,0],[0,-0.977],[0,0],[0.978,0],[0,0],[0,0],[0,0],[0,0],[0,0]],"o":[[0,0],[0,0],[0,0],[0,-0.976],[0,0],[0.976,0],[0,0],[0,0],[0.978,0],[0,0],[0,0.977],[0,0],[0,0],[0,0],[0,0],[0,0],[0,0]],"v":[[-47.992,-61.56],[-47.992,15.622],[-45.96,15.622],[-45.96,-57.759],[-44.189,-59.53],[14.964,-59.53],[16.734,-57.759],[16.734,-30.303],[44.189,-30.303],[45.962,-28.531],[45.962,57.758],[44.189,59.53],[-20.607,59.53],[-20.607,61.56],[47.992,61.56],[47.992,-31.738],[18.16,-61.56]],"c":true},"ix":2},"nm":"Path 2","mn":"ADBE Vector Shape - Group","hd":false},{"ty":"mm","mm":1,"nm":"Merge Paths 1","mn":"ADBE Vector Filter - Merge","hd":false},{"ty":"fl","c":{"a":0,"k":[1,1,1,1],"ix":4},"o":{"a":0,"k":100,"ix":5},"r":1,"nm":"Fill 1","mn":"ADBE Vector Graphic - Fill","hd":false},{"ty":"tr","p":{"a":0,"k":[48.242,61.81],"ix":2},"a":{"a":0,"k":[0,0],"ix":1},"s":{"a":0,"k":[100,100],"ix":3},"r":{"a":0,"k":0,"ix":6},"o":{"a":0,"k":100,"ix":7},"sk":{"a":0,"k":0,"ix":4},"sa":{"a":0,"k":0,"ix":5},"nm":"Transform"}],"nm":"Group 1","np":4,"cix":2,"ix":1,"mn":"ADBE Vector Group","hd":false}],"ip":0,"op":100,"st":0,"bm":0},{"ddd":0,"ind":7,"ty":4,"nm":"roata/smartcontract Outlines","sr":1,"ks":{"o":{"a":0,"k":100,"ix":11},"r":{"a":1,"k":[{"i":{"x":[0.249],"y":[1]},"o":{"x":[0.333],"y":[0]},"n":["0p249_1_0p333_0"],"t":0,"s":[0],"e":[360]},{"i":{"x":[0.224],"y":[1]},"o":{"x":[0.333],"y":[0]},"n":["0p224_1_0p333_0"],"t":50,"s":[360],"e":[0]},{"t":99}],"ix":10},"p":{"a":0,"k":[41.5,113.75,0],"ix":2},"a":{"a":0,"k":[34,34,0],"ix":1},"s":{"a":0,"k":[94.763,94.763,100],"ix":6}},"ao":0,"shapes":[{"ty":"gr","it":[{"ind":0,"ty":"sh","ix":1,"ks":{"a":0,"k":{"i":[[0,0],[0,0],[0.104,0.456],[1.547,2.458],[-0.331,0.332],[0,0],[0,0],[0,0],[0.397,0.25],[2.818,0.641],[0,0.467],[0,0],[0,0],[0,0],[0.456,-0.103],[2.459,-1.547],[0.332,0.332],[0,0],[0,0],[0,0],[0.249,-0.396],[0.641,-2.819],[0.469,0],[0,0],[0,0],[0,0],[-0.104,-0.456],[-1.547,-2.458],[0.331,-0.331],[0,0],[0,0],[0,0],[-0.397,-0.25],[-2.818,-0.642],[0,-0.467],[0,0],[0,0],[0,0],[-0.456,0.103],[-2.458,1.547],[-0.332,-0.331],[0,0],[0,0],[0,0],[-0.25,0.397],[-0.641,2.82],[-0.467,0],[0,0]],"o":[[0,0],[-0.467,0],[-0.641,-2.819],[-0.25,-0.396],[0,0],[0,0],[0,0],[-0.33,0.332],[-2.458,-1.547],[-0.456,-0.103],[0,0],[0,0],[0,0],[0,0.468],[-2.817,0.641],[-0.396,0.25],[0,0],[0,0],[0,0],[0.331,0.33],[-1.547,2.458],[-0.104,0.457],[0,0],[0,0],[0,0],[0.469,0],[0.641,2.82],[0.249,0.396],[0,0],[0,0],[0,0],[0.331,-0.332],[2.458,1.546],[0.456,0.103],[0,0],[0,0],[0,0],[0,-0.467],[2.819,-0.642],[0.395,-0.249],[0,0],[0,0],[0,0],[-0.331,-0.33],[1.546,-2.457],[0.104,-0.457],[0,0],[0,0]],"v":[[31.734,-4.96],[26.067,-4.96],[25.096,-5.734],[21.799,-13.687],[21.938,-14.923],[25.946,-18.932],[18.932,-25.947],[14.922,-21.938],[13.687,-21.799],[5.735,-25.096],[4.96,-26.066],[4.96,-31.734],[-4.961,-31.734],[-4.961,-26.068],[-5.736,-25.096],[-13.687,-21.799],[-14.923,-21.939],[-18.932,-25.947],[-25.947,-18.933],[-21.938,-14.923],[-21.799,-13.689],[-25.096,-5.736],[-26.068,-4.961],[-31.735,-4.961],[-31.735,4.962],[-26.068,4.962],[-25.096,5.736],[-21.799,13.688],[-21.938,14.924],[-25.947,18.934],[-18.932,25.947],[-14.923,21.938],[-13.687,21.8],[-5.736,25.098],[-4.961,26.068],[-4.961,31.734],[4.96,31.734],[4.96,26.068],[5.735,25.098],[13.688,21.799],[14.923,21.938],[18.932,25.947],[25.946,18.934],[21.938,14.923],[21.799,13.688],[25.096,5.736],[26.067,4.962],[31.734,4.962]],"c":true},"ix":2},"nm":"Path 1","mn":"ADBE Vector Shape - Group","hd":false},{"ind":1,"ty":"sh","ix":2,"ks":{"a":0,"k":{"i":[[-0.191,-0.191],[0,-0.267],[0,0],[0.549,0],[0,0],[0,0],[0.863,-1.607],[0,0],[0,0],[0,-0.27],[0.188,-0.189],[0,0],[0.388,0.389],[0,0],[0,0],[1.745,-0.528],[0,0],[0,0],[0.548,0],[0,0],[0,0.55],[0,0],[0,0],[1.61,0.864],[0,0],[0,0],[0.389,0.388],[0,0],[0,0.27],[-0.188,0.188],[0,0],[0,0],[0.527,1.743],[0,0],[0,0],[0,0.55],[0,0],[-0.549,0],[0,0],[0,0],[-0.863,1.607],[0,0],[0,0],[-0.389,0.389],[0,0],[-0.342,-0.34],[0,0],[0,0],[-1.741,0.526],[0,0],[0,0],[-0.549,0],[0,0],[0,-0.549],[0,0],[0,0],[-1.606,-0.862],[0,0],[0,0],[-0.278,0],[0,0],[-0.17,-0.17],[0,0],[0.388,-0.388],[0,0],[0,0],[-0.527,-1.745],[0,0],[0,0]],"o":[[0.188,0.188],[0,0],[0,0.55],[0,0],[0,0],[-0.526,1.743],[0,0],[0,0],[0.191,0.192],[0,0.266],[0,0],[-0.388,0.388],[0,0],[0,0],[-1.607,0.863],[0,0],[0,0],[0,0.55],[0,0],[-0.549,0],[0,0],[0,0],[-1.743,-0.527],[0,0],[0,0],[-0.389,0.388],[0,0],[-0.19,-0.191],[0,-0.266],[0,0],[0,0],[-0.863,-1.608],[0,0],[0,0],[-0.549,0],[0,0],[0,-0.549],[0,0],[0,0],[0.528,-1.745],[0,0],[0,0],[-0.389,-0.388],[0,0],[0.339,-0.339],[0,0],[0,0],[1.61,-0.864],[0,0],[0,0],[0,-0.549],[0,0],[0.548,0],[0,0],[0,0],[1.744,0.526],[0,0],[0,0],[0.17,-0.169],[0,0],[0.277,0],[0,0],[0.388,0.389],[0,0],[0,0],[0.863,1.606],[0,0],[0,0],[0.27,0]],"v":[[33.436,-6.661],[33.727,-5.956],[33.727,5.958],[32.731,6.953],[26.875,6.953],[26.547,8.037],[24.454,13.087],[23.917,14.085],[28.061,18.227],[28.353,18.932],[28.061,19.637],[19.636,28.061],[18.228,28.061],[14.084,23.921],[13.087,24.453],[8.035,26.549],[6.953,26.876],[6.953,32.73],[5.957,33.727],[-5.957,33.727],[-6.954,32.73],[-6.954,26.876],[-8.037,26.549],[-13.089,24.453],[-14.085,23.921],[-18.227,28.061],[-19.637,28.061],[-28.062,19.637],[-28.353,18.932],[-28.061,18.227],[-23.918,14.085],[-24.454,13.089],[-26.549,8.038],[-26.875,6.953],[-32.731,6.953],[-33.727,5.958],[-33.727,-5.956],[-32.731,-6.952],[-26.876,-6.952],[-26.549,-8.036],[-24.454,-13.088],[-23.919,-14.083],[-28.061,-18.227],[-28.061,-19.637],[-19.636,-28.062],[-18.227,-28.061],[-14.084,-23.918],[-13.087,-24.452],[-8.037,-26.548],[-6.954,-26.874],[-6.954,-32.73],[-5.957,-33.727],[5.957,-33.727],[6.953,-32.73],[6.953,-26.874],[8.036,-26.548],[13.086,-24.454],[14.083,-23.917],[18.228,-28.062],[18.932,-28.329],[18.933,-28.329],[19.636,-28.061],[28.061,-19.637],[28.061,-18.227],[23.917,-14.083],[24.453,-13.087],[26.548,-8.036],[26.875,-6.952],[32.731,-6.952]],"c":true},"ix":2},"nm":"Path 2","mn":"ADBE Vector Shape - Group","hd":false},{"ind":2,"ty":"sh","ix":3,"ks":{"a":0,"k":{"i":[[0,-8.586],[8.586,0],[2.575,1.74],[0.051,0.266],[-0.151,0.225],[-0.334,0],[-0.164,-0.112],[-2.722,0],[0,7.487],[7.487,0],[0,-7.487],[-0.708,-1.673],[0.505,-0.215],[0.213,0.505],[0,2.102],[-8.586,0]],"o":[[0,8.586],[-3.122,0],[-0.224,-0.15],[-0.051,-0.264],[0.185,-0.273],[0.198,0],[2.245,1.516],[7.487,0],[0,-7.487],[-7.488,0],[0,1.834],[0.214,0.506],[-0.509,0.214],[-0.812,-1.92],[0,-8.586],[8.586,0]],"v":[[15.571,0.001],[0,15.572],[-8.708,12.911],[-9.128,12.275],[-8.975,11.529],[-8.146,11.091],[-7.592,11.262],[0,13.579],[13.578,0.001],[0,-13.579],[-13.579,0.001],[-12.512,5.285],[-13.041,6.592],[-14.348,6.062],[-15.572,0.001],[0,-15.571]],"c":true},"ix":2},"nm":"Path 3","mn":"ADBE Vector Shape - Group","hd":false},{"ty":"mm","mm":1,"nm":"Merge Paths 1","mn":"ADBE Vector Filter - Merge","hd":false},{"ty":"fl","c":{"a":0,"k":[1,1,1,1],"ix":4},"o":{"a":0,"k":100,"ix":5},"r":1,"nm":"Fill 1","mn":"ADBE Vector Graphic - Fill","hd":false},{"ty":"tr","p":{"a":0,"k":[33.977,33.978],"ix":2},"a":{"a":0,"k":[0,0],"ix":1},"s":{"a":0,"k":[100,100],"ix":3},"r":{"a":0,"k":0,"ix":6},"o":{"a":0,"k":100,"ix":7},"sk":{"a":0,"k":0,"ix":4},"sa":{"a":0,"k":0,"ix":5},"nm":"Transform"}],"nm":"Group 1","np":5,"cix":2,"ix":1,"mn":"ADBE Vector Group","hd":false}],"ip":0,"op":100,"st":0,"bm":0}],"markers":[]}