{"v":"5.3.4","fr":25,"ip":0,"op":100,"w":150,"h":150,"nm":"Comp 1","ddd":0,"assets":[],"layers":[{"ddd":0,"ind":1,"ty":4,"nm":"Shape Layer 2","sr":1,"ks":{"o":{"a":0,"k":100,"ix":11},"r":{"a":0,"k":0,"ix":10},"p":{"a":0,"k":[75.565,44,0],"ix":2},"a":{"a":0,"k":[-0.565,32.25,0],"ix":1},"s":{"a":0,"k":[-90,-90,100],"ix":6}},"ao":0,"shapes":[{"ty":"gr","it":[{"ind":0,"ty":"sh","ix":1,"ks":{"a":0,"k":{"i":[[0,0],[-0.026,0.043],[8.131,13.894],[-26,0],[0,0],[0,0],[0,0],[0,0],[0,0],[0,0]],"o":[[0,0],[-9.94,-0.306],[-0.211,1.133],[26,0],[0,0],[0,0],[0,0],[0,0],[0,0],[0,0]],"v":[[-27.188,21],[-37.349,21.02],[-70.125,4.375],[-36.5,44.25],[18.625,44.25],[18.625,71.375],[69,32.375],[19.375,-6.875],[19.375,20.75],[-18.75,20.75]],"c":false},"ix":2},"nm":"Path 1","mn":"ADBE Vector Shape - Group","hd":false},{"ty":"st","c":{"a":0,"k":[1,1,1,1],"ix":3},"o":{"a":0,"k":100,"ix":4},"w":{"a":0,"k":2,"ix":5},"lc":1,"lj":1,"ml":4,"ml2":{"a":0,"k":4,"ix":8},"nm":"Stroke 1","mn":"ADBE Vector Graphic - Stroke","hd":false},{"ty":"fl","c":{"a":0,"k":[1,0,0,1],"ix":4},"o":{"a":0,"k":100,"ix":5},"r":1,"nm":"Fill 1","mn":"ADBE Vector Graphic - Fill","hd":true},{"ty":"tr","p":{"a":0,"k":[0,0],"ix":2},"a":{"a":0,"k":[0,0],"ix":1},"s":{"a":0,"k":[100,100],"ix":3},"r":{"a":0,"k":0,"ix":6},"o":{"a":0,"k":100,"ix":7},"sk":{"a":0,"k":0,"ix":4},"sa":{"a":0,"k":0,"ix":5},"nm":"Transform"}],"nm":"Shape 1","np":3,"cix":2,"ix":1,"mn":"ADBE Vector Group","hd":false},{"ty":"tm","s":{"a":1,"k":[{"i":{"x":[0.47],"y":[1]},"o":{"x":[0.601],"y":[0]},"n":["0p47_1_0p601_0"],"t":50,"s":[0],"e":[100]},{"t":88}],"ix":1},"e":{"a":1,"k":[{"i":{"x":[0.542],"y":[1]},"o":{"x":[0.674],"y":[0]},"n":["0p542_1_0p674_0"],"t":0,"s":[0],"e":[100]},{"t":37}],"ix":2},"o":{"a":0,"k":0,"ix":3},"m":1,"ix":2,"nm":"Trim Paths 1","mn":"ADBE Vector Filter - Trim","hd":false}],"ip":0,"op":100,"st":0,"bm":0},{"ddd":0,"ind":2,"ty":4,"nm":"Shape Layer 1","sr":1,"ks":{"o":{"a":0,"k":100,"ix":11},"r":{"a":0,"k":0,"ix":10},"p":{"a":0,"k":[74.435,107.25,0],"ix":2},"a":{"a":0,"k":[-0.565,32.25,0],"ix":1},"s":{"a":0,"k":[90,90,100],"ix":6}},"ao":0,"shapes":[{"ty":"gr","it":[{"ind":0,"ty":"sh","ix":1,"ks":{"a":0,"k":{"i":[[0,0],[-0.026,0.043],[8.131,13.894],[-26,0],[0,0],[0,0],[0,0],[0,0],[0,0],[0,0]],"o":[[0,0],[-9.94,-0.306],[-0.211,1.133],[26,0],[0,0],[0,0],[0,0],[0,0],[0,0],[0,0]],"v":[[-27.188,21],[-37.349,21.02],[-70.125,4.375],[-36.5,44.25],[18.625,44.25],[18.625,71.375],[69,32.375],[19.375,-6.875],[19.375,20.75],[-18.75,20.75]],"c":false},"ix":2},"nm":"Path 1","mn":"ADBE Vector Shape - Group","hd":false},{"ty":"st","c":{"a":0,"k":[1,1,1,1],"ix":3},"o":{"a":0,"k":100,"ix":4},"w":{"a":0,"k":2,"ix":5},"lc":1,"lj":1,"ml":4,"ml2":{"a":0,"k":4,"ix":8},"nm":"Stroke 1","mn":"ADBE Vector Graphic - Stroke","hd":false},{"ty":"fl","c":{"a":0,"k":[1,0,0,1],"ix":4},"o":{"a":0,"k":100,"ix":5},"r":1,"nm":"Fill 1","mn":"ADBE Vector Graphic - Fill","hd":true},{"ty":"tr","p":{"a":0,"k":[0,0],"ix":2},"a":{"a":0,"k":[0,0],"ix":1},"s":{"a":0,"k":[100,100],"ix":3},"r":{"a":0,"k":0,"ix":6},"o":{"a":0,"k":100,"ix":7},"sk":{"a":0,"k":0,"ix":4},"sa":{"a":0,"k":0,"ix":5},"nm":"Transform"}],"nm":"Shape 1","np":3,"cix":2,"ix":1,"mn":"ADBE Vector Group","hd":false},{"ty":"tm","s":{"a":1,"k":[{"i":{"x":[0.539],"y":[1]},"o":{"x":[0.677],"y":[0]},"n":["0p539_1_0p677_0"],"t":0,"s":[0],"e":[100]},{"t":37}],"ix":1},"e":{"a":1,"k":[{"i":{"x":[0.475],"y":[1]},"o":{"x":[0.606],"y":[0]},"n":["0p475_1_0p606_0"],"t":50,"s":[100],"e":[0]},{"t":88}],"ix":2},"o":{"a":0,"k":0,"ix":3},"m":1,"ix":2,"nm":"Trim Paths 1","mn":"ADBE Vector Filter - Trim","hd":false}],"ip":0,"op":100,"st":0,"bm":0}],"markers":[]}