{"v":"5.3.4","fr":25,"ip":0,"op":100,"w":150,"h":150,"nm":"Comp 1","ddd":0,"assets":[],"layers":[{"ddd":0,"ind":1,"ty":4,"nm":"Shape Layer 1","sr":1,"ks":{"o":{"a":0,"k":100,"ix":11},"r":{"a":0,"k":0,"ix":10},"p":{"a":0,"k":[77.25,81.5,0],"ix":2},"a":{"a":0,"k":[0,0,0],"ix":1},"s":{"a":0,"k":[84.038,84.038,100],"ix":6}},"ao":0,"shapes":[{"ty":"gr","it":[{"ind":0,"ty":"sh","ix":1,"ks":{"a":0,"k":{"i":[[0,0],[0,0],[0,0]],"o":[[0,0],[0,0],[0,0]],"v":[[-13.312,51.062],[-4.25,62.75],[14.625,40.5]],"c":false},"ix":2},"nm":"Path 1","mn":"ADBE Vector Shape - Group","hd":false},{"ty":"tm","s":{"a":1,"k":[{"i":{"x":[0.667],"y":[1]},"o":{"x":[0.333],"y":[0]},"n":["0p667_1_0p333_0"],"t":81,"s":[0],"e":[100]},{"t":93}],"ix":1},"e":{"a":1,"k":[{"i":{"x":[0.667],"y":[1]},"o":{"x":[0.799],"y":[0]},"n":["0p667_1_0p799_0"],"t":58,"s":[0],"e":[100]},{"t":75}],"ix":2},"o":{"a":0,"k":0,"ix":3},"m":1,"ix":2,"nm":"Trim Paths 1","mn":"ADBE Vector Filter - Trim","hd":false},{"ty":"st","c":{"a":0,"k":[1,1,1,1],"ix":3},"o":{"a":0,"k":100,"ix":4},"w":{"a":0,"k":2,"ix":5},"lc":1,"lj":1,"ml":4,"ml2":{"a":0,"k":4,"ix":8},"nm":"Stroke 1","mn":"ADBE Vector Graphic - Stroke","hd":false},{"ty":"fl","c":{"a":0,"k":[1,0,0,1],"ix":4},"o":{"a":0,"k":100,"ix":5},"r":1,"nm":"Fill 1","mn":"ADBE Vector Graphic - Fill","hd":true},{"ty":"tr","p":{"a":0,"k":[0,0],"ix":2},"a":{"a":0,"k":[0,0],"ix":1},"s":{"a":0,"k":[100,100],"ix":3},"r":{"a":0,"k":0,"ix":6},"o":{"a":0,"k":100,"ix":7},"sk":{"a":0,"k":0,"ix":4},"sa":{"a":0,"k":0,"ix":5},"nm":"Transform"}],"nm":"Shape 1","np":4,"cix":2,"ix":1,"mn":"ADBE Vector Group","hd":false}],"ip":0,"op":100,"st":0,"bm":0},{"ddd":0,"ind":2,"ty":4,"nm":"btcl/voting Outlines","sr":1,"ks":{"o":{"a":0,"k":100,"ix":11},"r":{"a":0,"k":0,"ix":10},"p":{"a":1,"k":[{"i":{"x":0.667,"y":1},"o":{"x":0.333,"y":0},"n":"0p667_1_0p333_0","t":5,"s":[21.25,92.25,0],"e":[28.48,92.25,0],"to":[1.20500886440277,0,0],"ti":[-4.43840377783999e-7,0,0]},{"i":{"x":0.667,"y":1},"o":{"x":0.167,"y":0},"n":"0p667_1_0p167_0","t":19,"s":[28.48,92.25,0],"e":[21.25,92.25,0],"to":[4.43840377783999e-7,0,0],"ti":[1.20500838756561,0,0]},{"t":39}],"ix":2},"a":{"a":0,"k":[19.5,53.5,0],"ix":1},"s":{"a":0,"k":[100,100,100],"ix":6}},"ao":0,"shapes":[{"ty":"gr","it":[{"ind":0,"ty":"sh","ix":1,"ks":{"a":0,"k":{"i":[[0,0],[0,2.752],[0,0],[1.581,0],[0,-1.552],[0,0],[0.481,0],[0,0.482],[0,0],[1.582,0],[0,-1.552],[0,0],[0.482,0],[0,0.482],[0,0],[1.582,0],[0,-1.551],[0,0],[0.481,0],[0,0.482],[0,0],[1.582,0],[0,-1.551],[0,0],[0,0],[-2.284,-1.045],[0,-4.696],[0.481,0],[0,0.482],[0.142,0.014],[0,0.446],[0,0],[2.077,1.015],[0,0],[0,0],[-1.726,-1.595],[0,0],[0,-0.243],[0,0],[0,0],[0,0],[-0.126,0.155]],"o":[[1.731,-2.14],[0,0],[0,-1.552],[-1.551,0],[0,0],[0,0.482],[-0.482,0],[0,0],[0,-1.552],[-1.552,0],[0,0],[0,0.482],[-0.482,0],[0,0],[0,-1.551],[-1.552,0],[0,0],[0,0.482],[-0.482,0],[0,0],[0,-1.551],[-1.551,0],[0,0],[0,0],[1.511,0.304],[5.295,2.423],[0,0.482],[-0.483,0],[0,-9.734],[-0.445,-0.049],[0,0],[0,-2.306],[0,0],[0,0],[0,2.347],[0,0],[0.178,0.163],[0,0],[0,0],[0,0],[0,-0.199],[0,0]],"v":[[14.773,0.877],[17.459,-6.71],[17.463,-37.684],[14.595,-40.498],[11.782,-37.684],[11.782,-20.383],[10.908,-19.509],[10.034,-20.383],[10.034,-44.145],[7.166,-46.959],[4.352,-44.145],[4.352,-20.384],[3.478,-19.51],[2.604,-20.384],[2.604,-48.543],[-0.264,-51.356],[-3.079,-48.543],[-3.079,-20.384],[-3.952,-19.51],[-4.826,-20.384],[-4.826,-45.533],[-7.695,-48.347],[-10.508,-45.533],[-10.508,-13.219],[-9.508,-13.018],[-3.434,-11.089],[4.661,-0.207],[3.787,0.667],[2.913,-0.207],[-11.475,-11.571],[-12.255,-12.44],[-12.255,-20.175],[-15.674,-25.642],[-17.464,-26.518],[-17.464,-4.283],[-14.749,1.919],[-12.273,4.206],[-11.993,4.846],[-11.993,11.509],[11.809,11.509],[11.809,4.846],[12.004,4.296]],"c":true},"ix":2},"nm":"Path 1","mn":"ADBE Vector Shape - Group","hd":false},{"ind":1,"ty":"sh","ix":2,"ks":{"a":0,"k":{"i":[[0,0],[0,0],[0,0],[0,0]],"o":[[0,0],[0,0],[0,0],[0,0]],"v":[[-14.531,22.468],[13.88,22.468],[13.88,13.256],[-14.531,13.256]],"c":true},"ix":2},"nm":"Path 2","mn":"ADBE Vector Shape - Group","hd":false},{"ind":2,"ty":"sh","ix":3,"ks":{"a":0,"k":{"i":[[0,0]],"o":[[0,0]],"v":[[-14.531,13.256]],"c":false},"ix":2},"nm":"Path 3","mn":"ADBE Vector Shape - Group","hd":false},{"ind":3,"ty":"sh","ix":4,"ks":{"a":0,"k":{"i":[[0,0],[0,0],[0,0],[0,-0.471],[0,0],[0,0],[0,-0.482],[0,0],[0.482,0],[0,0],[0,0.48],[0,0],[-0.483,0],[0,-0.482],[0,0],[0,0],[0,0],[0,0],[0,0],[0.48,0],[0,0.482],[0,0],[-0.483,0],[0,0],[0,0],[-0.481,0],[0,0],[0,0],[0,0],[0,2.834],[0,0],[-0.483,0],[-1.249,-0.79],[0,0],[0,0],[-2.545,0],[-0.522,-0.203],[0,0],[0,0],[-1.813,0],[-0.429,-2.115],[0,0],[0,0],[-0.493,0],[0,-2.516],[0,0],[0,0],[-0.417,0],[0,0],[-0.863,-0.862],[0,-1.216],[0,0],[1.984,-2.449]],"o":[[0,0],[0,0],[0.472,0.01],[0,0],[0,0],[0.482,0],[0,0],[0,0.48],[0,0],[-0.483,0],[0,0],[0,-0.482],[0.48,0],[0,0],[0,0],[0,0],[0,0],[0,0],[0,0.482],[-0.483,0],[0,0],[0,-0.482],[0,0],[0,0],[0,-0.483],[0,0],[0,0],[0,0],[-2.082,-1.924],[0,0],[0,-0.482],[1.48,0],[0,0],[0,0],[0,-2.515],[0.567,0],[0,0],[0,0],[0.742,-1.623],[2.16,0],[0,0],[0,0],[0.435,-0.132],[2.515,0],[0,0],[0,0],[0.401,-0.113],[0,0],[1.217,0],[0.862,0.863],[0,0],[0,3.153],[0,0]],"v":[[13.556,5.156],[13.556,11.484],[14.773,11.511],[15.627,12.382],[15.627,22.468],[17.687,22.468],[18.561,23.341],[18.561,52.23],[17.687,53.103],[-18.337,53.103],[-19.21,52.23],[-19.21,37.89],[-18.337,37.017],[-17.464,37.89],[-17.464,51.356],[16.814,51.356],[16.814,24.215],[-17.464,24.215],[-17.464,30.832],[-18.337,31.705],[-19.21,30.832],[-19.21,23.342],[-18.337,22.468],[-16.279,22.468],[-16.279,12.382],[-15.406,11.509],[-13.74,11.509],[-13.74,5.23],[-15.934,3.203],[-19.21,-4.283],[-19.21,-27.13],[-18.337,-28.004],[-14.165,-26.796],[-12.255,-25.589],[-12.255,-45.533],[-7.639,-50.094],[-5.997,-49.788],[-4.904,-49.365],[-4.415,-50.432],[-0.21,-53.103],[4.259,-49.453],[4.531,-48.112],[5.84,-48.51],[7.219,-48.706],[11.78,-44.145],[11.78,-41.631],[13.361,-42.075],[14.594,-42.245],[14.649,-42.245],[17.873,-40.908],[19.21,-37.684],[19.206,-6.71],[16.129,1.976]],"c":true},"ix":2},"nm":"Path 4","mn":"ADBE Vector Shape - Group","hd":false},{"ind":4,"ty":"sh","ix":5,"ks":{"a":0,"k":{"i":[[0.553,0],[0,0.552],[-0.553,0],[0,-0.553]],"o":[[-0.553,0],[0,-0.553],[0.553,0],[0,0.552]],"v":[[10.437,31.833],[9.435,30.832],[10.437,29.829],[11.439,30.832]],"c":true},"ix":2},"nm":"Path 5","mn":"ADBE Vector Shape - Group","hd":false},{"ty":"mm","mm":1,"nm":"Merge Paths 1","mn":"ADBE Vector Filter - Merge","hd":false},{"ty":"fl","c":{"a":0,"k":[1,1,1,1],"ix":4},"o":{"a":0,"k":100,"ix":5},"r":1,"nm":"Fill 1","mn":"ADBE Vector Graphic - Fill","hd":false},{"ty":"tr","p":{"a":0,"k":[19.461,53.353],"ix":2},"a":{"a":0,"k":[0,0],"ix":1},"s":{"a":0,"k":[100,100],"ix":3},"r":{"a":0,"k":0,"ix":6},"o":{"a":0,"k":100,"ix":7},"sk":{"a":0,"k":0,"ix":4},"sa":{"a":0,"k":0,"ix":5},"nm":"Transform"}],"nm":"Group 1","np":7,"cix":2,"ix":1,"mn":"ADBE Vector Group","hd":false}],"ip":0,"op":100,"st":0,"bm":0},{"ddd":0,"ind":3,"ty":4,"nm":"cerc/voting Outlines","sr":1,"ks":{"o":{"a":0,"k":100,"ix":11},"r":{"a":0,"k":0,"ix":10},"p":{"a":1,"k":[{"i":{"x":0.667,"y":1},"o":{"x":0.333,"y":0},"n":"0p667_1_0p333_0","t":18,"s":[75,75,0],"e":[79,75,0],"to":[0.66666668653488,0,0],"ti":[-2.50050877781405e-8,0,0]},{"i":{"x":0.667,"y":1},"o":{"x":0.333,"y":0},"n":"0p667_1_0p333_0","t":28,"s":[79,75,0],"e":[75,75,0],"to":[2.50050877781405e-8,0,0],"ti":[0.66666668653488,0,0]},{"t":41}],"ix":2},"a":{"a":0,"k":[26,71.5,0],"ix":1},"s":{"a":0,"k":[100,100,100],"ix":6}},"ao":0,"shapes":[{"ty":"gr","it":[{"ind":0,"ty":"sh","ix":1,"ks":{"a":0,"k":{"i":[[0,-0.553],[0.552,0],[0,0.553],[-0.553,0]],"o":[[0,0.553],[-0.553,0],[0,-0.553],[0.552,0]],"v":[[15.633,41.168],[14.631,42.17],[13.629,41.168],[14.631,40.166]],"c":true},"ix":2},"nm":"Path 1","mn":"ADBE Vector Shape - Group","hd":false},{"ind":1,"ty":"sh","ix":2,"ks":{"a":0,"k":{"i":[[0,0],[2.366,-2.923],[0,0],[0,-0.199],[0,0],[0,0],[0,0],[0.179,0.165],[0,0],[0,3.233],[0,0],[0,0],[0,-3.736],[0,0],[-0.445,-0.049],[-4.827,-2.229],[0,-5.492],[-0.482,0],[0,0.482],[6.989,3.198],[2.14,0.395],[0,0],[0,0],[-2.246,0],[0,-2.245],[0,0],[-0.482,0],[0,0.482],[0,0],[-2.246,0],[0,-2.245],[0,0],[-0.482,0],[0,0.482],[0,0],[-2.245,0],[0,-2.246],[0,0],[-0.481,0],[0,0.482],[0,0],[-2.245,0],[0,-2.245]],"o":[[0,3.76],[0,0],[-0.126,0.155],[0,0],[0,0],[0,0],[0,-0.243],[0,0],[-2.376,-2.194],[0,0],[0,0],[3.573,1.1],[0,0],[0,0.445],[0.21,0.025],[6.353,2.932],[0,0.482],[0.482,0],[0,-6.174],[-3.266,-1.494],[0,0],[0,0],[0,-2.245],[2.286,0],[0,0],[0,0.482],[0.482,0],[0,0],[0,-2.245],[2.286,0],[0,0],[0,0.482],[0.482,0],[0,0],[0,-2.246],[2.287,0],[0,0],[0,0.482],[0.482,0],[0,0],[0,-2.245],[2.286,0],[0,0]],"v":[[23.716,-8.999],[20.047,1.364],[16.334,5.951],[16.139,6.501],[16.139,15.735],[-16.384,15.735],[-16.384,6.501],[-16.665,5.858],[-19.984,2.794],[-23.722,-5.745],[-23.722,-35.638],[-22.112,-35.143],[-16.139,-27.059],[-16.139,-16.685],[-15.359,-15.817],[-5.367,-12.971],[4.206,-0.275],[5.08,0.599],[5.953,-0.275],[-4.729,-14.601],[-13.373,-17.275],[-14.391,-17.463],[-14.391,-61.073],[-10.319,-65.145],[-6.173,-61.073],[-6.173,-27.34],[-5.299,-26.466],[-4.426,-27.34],[-4.426,-65.11],[-0.353,-69.182],[3.793,-65.11],[3.793,-27.339],[4.667,-26.465],[5.54,-27.339],[5.54,-59.211],[9.612,-63.284],[13.759,-59.211],[13.759,-27.34],[14.632,-26.466],[15.506,-27.34],[15.506,-50.545],[19.578,-54.618],[23.725,-50.545]],"c":true},"ix":2},"nm":"Path 2","mn":"ADBE Vector Shape - Group","hd":false},{"ind":2,"ty":"sh","ix":3,"ks":{"a":0,"k":{"i":[[0,0],[0,0],[0,0],[0,0]],"o":[[0,0],[0,0],[0,0],[0,0]],"v":[[18.918,30.435],[-19.789,30.435],[-19.789,17.483],[18.918,17.483]],"c":true},"ix":2},"nm":"Path 3","mn":"ADBE Vector Shape - Group","hd":false},{"ind":3,"ty":"sh","ix":4,"ks":{"a":0,"k":{"i":[[0,0]],"o":[[0,0]],"v":[[18.918,17.482]],"c":false},"ix":2},"nm":"Path 4","mn":"ADBE Vector Shape - Group","hd":false},{"ind":4,"ty":"sh","ix":5,"ks":{"a":0,"k":{"i":[[1.551,0],[0,0],[0.738,-0.323],[0,0],[0,0],[3.209,0],[0.753,-0.333],[0,0],[0,0],[3.016,0],[0.801,-2.367],[0,0],[0,0],[0.927,0],[0,-3.209],[0,0],[0,0],[2.333,0],[0,-0.482],[0,0],[-2.733,-2.522],[0,0],[0,0],[0,0],[0,-0.482],[0,0],[0,0],[0,-0.482],[0,0],[-0.482,0],[0,0.482],[0,0],[0,0],[0,0],[0,0],[0,0],[0.482,0],[0,-0.482],[0,0],[-0.481,0],[0,0],[0,0.481],[0,0],[0.482,0],[0,0],[0,0],[0.482,0],[0,0],[0,0],[0,0],[0,4.159],[0,0],[1.101,1.101]],"o":[[0,0],[-0.808,0],[0,0],[0,0],[0,-3.209],[-0.877,0],[0,0],[0,0],[-0.239,-3.002],[-2.541,0],[0,0],[0,0],[-0.82,-0.418],[-3.249,0],[0,0],[0,0],[-1.812,-1.473],[-0.482,0],[0,0],[0,3.72],[0,0],[0,0],[0,0],[-0.482,0],[0,0],[0,0],[-0.482,0],[0,0],[0,0.482],[0.481,0],[0,0],[0,0],[0,0],[0,0],[0,0],[0,-0.482],[-0.481,0],[0,0],[0,0.481],[0,0],[0.482,0],[0,0],[0,-0.483],[0,0],[0,0],[0,-0.481],[0,0],[0,0],[0,0],[2.618,-3.232],[0,0],[0,-1.551],[-1.101,-1.101]],"v":[[19.65,-56.365],[19.576,-56.365],[17.247,-55.878],[15.504,-55.114],[15.504,-59.211],[9.685,-65.031],[7.263,-64.537],[5.659,-63.828],[5.521,-65.576],[-0.281,-70.93],[-5.868,-66.971],[-6.33,-65.607],[-7.613,-66.262],[-10.246,-66.892],[-16.139,-61.073],[-16.139,-33.327],[-18.168,-34.978],[-24.596,-37.262],[-25.47,-36.389],[-25.47,-5.745],[-21.17,4.077],[-18.131,6.883],[-18.131,15.735],[-20.662,15.735],[-21.536,16.609],[-21.536,30.436],[-24.596,30.436],[-25.47,31.309],[-25.47,39.842],[-24.596,40.715],[-23.722,39.842],[-23.722,32.183],[22.852,32.183],[22.852,69.183],[-23.722,69.183],[-23.722,46.604],[-24.596,45.73],[-25.47,46.604],[-25.47,70.056],[-24.596,70.93],[23.725,70.93],[24.598,70.056],[24.598,31.309],[23.725,30.435],[20.665,30.435],[20.665,16.608],[19.791,15.734],[17.886,15.734],[17.886,6.811],[21.404,2.463],[25.463,-8.999],[25.47,-50.545],[23.763,-54.658]],"c":true},"ix":2},"nm":"Path 5","mn":"ADBE Vector Shape - Group","hd":false},{"ty":"mm","mm":1,"nm":"Merge Paths 1","mn":"ADBE Vector Filter - Merge","hd":false},{"ty":"fl","c":{"a":0,"k":[1,1,1,1],"ix":4},"o":{"a":0,"k":100,"ix":5},"r":1,"nm":"Fill 1","mn":"ADBE Vector Graphic - Fill","hd":false},{"ty":"tr","p":{"a":0,"k":[25.72,71.18],"ix":2},"a":{"a":0,"k":[0,0],"ix":1},"s":{"a":0,"k":[100,100],"ix":3},"r":{"a":0,"k":0,"ix":6},"o":{"a":0,"k":100,"ix":7},"sk":{"a":0,"k":0,"ix":4},"sa":{"a":0,"k":0,"ix":5},"nm":"Transform"}],"nm":"Group 1","np":7,"cix":2,"ix":1,"mn":"ADBE Vector Group","hd":false}],"ip":0,"op":100,"st":0,"bm":0},{"ddd":0,"ind":4,"ty":4,"nm":"sac/voting Outlines","sr":1,"ks":{"o":{"a":0,"k":100,"ix":11},"r":{"a":0,"k":0,"ix":10},"p":{"a":0,"k":[128.75,92.5,0],"ix":2},"a":{"a":0,"k":[19.5,53.5,0],"ix":1},"s":{"a":0,"k":[100,100,100],"ix":6}},"ao":0,"shapes":[{"ty":"gr","it":[{"ind":0,"ty":"sh","ix":1,"ks":{"a":0,"k":{"i":[[0,0],[1.582,0],[0,-1.552],[0,0],[0.481,0],[0,0.482],[0,0],[1.581,0],[0,-1.552],[0,0],[0.482,0],[0,0.482],[0,0],[1.583,0],[0,-1.551],[0,0],[0.482,0],[0,0.482],[0,0],[1.581,0],[0,-1.551],[0,0],[0,0],[-2.285,-1.045],[0,-4.696],[0.482,0],[0,0.482],[0.142,0.014],[0,0.446],[0,0],[2.076,1.016],[0,0],[0,0],[-1.725,-1.592],[0,0],[0,-0.242],[0,0],[0,0],[0,0],[-0.126,0.156],[0,0],[0,2.754]],"o":[[0,-1.552],[-1.551,0],[0,0],[0,0.482],[-0.482,0],[0,0],[0,-1.552],[-1.552,0],[0,0],[0,0.482],[-0.482,0],[0,0],[0,-1.551],[-1.551,0],[0,0],[0,0.482],[-0.482,0],[0,0],[0,-1.551],[-1.552,0],[0,0],[0,0],[1.51,0.303],[5.295,2.423],[0,0.482],[-0.481,0],[0,-9.734],[-0.445,-0.049],[0,0],[0,-2.306],[0,0],[0,0],[0,2.349],[0,0],[0.178,0.165],[0,0],[0,0],[0,0],[0,-0.199],[0,0],[1.731,-2.139],[0,0]],"v":[[17.464,-37.684],[14.595,-40.498],[11.781,-37.684],[11.781,-20.383],[10.908,-19.509],[10.034,-20.383],[10.034,-44.145],[7.166,-46.959],[4.352,-44.145],[4.352,-20.384],[3.478,-19.51],[2.605,-20.384],[2.605,-48.543],[-0.265,-51.356],[-3.078,-48.543],[-3.078,-20.384],[-3.952,-19.51],[-4.826,-20.384],[-4.826,-45.533],[-7.694,-48.347],[-10.508,-45.533],[-10.508,-13.219],[-9.509,-13.017],[-3.434,-11.089],[4.66,-0.207],[3.786,0.667],[2.913,-0.207],[-11.475,-11.571],[-12.255,-12.44],[-12.255,-20.175],[-15.673,-25.642],[-17.464,-26.517],[-17.464,-4.283],[-14.749,1.918],[-12.274,4.205],[-11.993,4.846],[-11.993,11.509],[11.809,11.509],[11.809,4.846],[12.004,4.296],[14.773,0.877],[17.458,-6.71]],"c":true},"ix":2},"nm":"Path 1","mn":"ADBE Vector Shape - Group","hd":false},{"ind":1,"ty":"sh","ix":2,"ks":{"a":0,"k":{"i":[[0,0],[0,0],[0,0],[0,0]],"o":[[0,0],[0,0],[0,0],[0,0]],"v":[[-14.532,22.468],[13.881,22.468],[13.881,13.256],[-14.532,13.256]],"c":true},"ix":2},"nm":"Path 2","mn":"ADBE Vector Shape - Group","hd":false},{"ind":2,"ty":"sh","ix":3,"ks":{"a":0,"k":{"i":[[0,0]],"o":[[0,0]],"v":[[-14.532,13.256]],"c":false},"ix":2},"nm":"Path 3","mn":"ADBE Vector Shape - Group","hd":false},{"ind":3,"ty":"sh","ix":4,"ks":{"a":0,"k":{"i":[[0,-2.515],[0,0],[1.982,-2.449],[0,0],[0,0],[0,0],[0,-0.471],[0,0],[0,0],[0,-0.482],[0,0],[0.481,0],[0,0],[0,0.48],[0,0],[-0.482,0],[0,-0.482],[0,0],[0,0],[0,0],[0,0],[0,0],[0.482,0],[0,0.482],[0,0],[-0.482,0],[0,0],[0,0],[-0.482,0],[0,0],[0,0],[0,0],[0,2.834],[0,0],[-0.482,0],[-1.25,-0.79],[0,0],[0,0],[-2.545,0],[-0.523,-0.203],[0,0],[0,0],[-1.813,0],[-0.43,-2.115],[0,0],[0,0],[-0.493,0],[0,-2.516],[0,0],[0,0],[-0.42,0],[0,0]],"o":[[0,0],[0,3.153],[0,0],[0,0],[0,0],[0.471,0.01],[0,0],[0,0],[0.481,0],[0,0],[0,0.48],[0,0],[-0.482,0],[0,0],[0,-0.482],[0.482,0],[0,0],[0,0],[0,0],[0,0],[0,0],[0,0.482],[-0.482,0],[0,0],[0,-0.482],[0,0],[0,0],[0,-0.483],[0,0],[0,0],[0,0],[-2.082,-1.923],[0,0],[0,-0.482],[1.481,0],[0,0],[0,0],[0,-2.515],[0.566,0],[0,0],[0,0],[0.741,-1.623],[2.16,0],[0,0],[0,0],[0.435,-0.132],[2.516,0],[0,0],[0,0],[0.398,-0.112],[0,0],[2.515,0]],"v":[[19.211,-37.684],[19.205,-6.71],[16.131,1.976],[13.556,5.156],[13.556,11.484],[14.774,11.511],[15.629,12.382],[15.629,22.468],[17.688,22.468],[18.561,23.341],[18.561,52.23],[17.688,53.103],[-18.338,53.103],[-19.211,52.23],[-19.211,37.89],[-18.338,37.017],[-17.464,37.89],[-17.464,51.356],[16.814,51.356],[16.814,24.215],[-17.464,24.215],[-17.464,30.832],[-18.338,31.705],[-19.211,30.832],[-19.211,23.342],[-18.338,22.468],[-16.279,22.468],[-16.279,12.382],[-15.405,11.509],[-13.741,11.509],[-13.741,5.23],[-15.935,3.203],[-19.211,-4.283],[-19.211,-27.13],[-18.338,-28.004],[-14.164,-26.796],[-12.255,-25.589],[-12.255,-45.533],[-7.639,-50.094],[-5.997,-49.788],[-4.904,-49.365],[-4.416,-50.432],[-0.21,-53.103],[4.26,-49.453],[4.533,-48.112],[5.841,-48.51],[7.219,-48.706],[11.781,-44.145],[11.781,-41.63],[13.363,-42.076],[14.595,-42.245],[14.65,-42.245]],"c":true},"ix":2},"nm":"Path 4","mn":"ADBE Vector Shape - Group","hd":false},{"ind":4,"ty":"sh","ix":5,"ks":{"a":0,"k":{"i":[[0,-0.553],[0.552,0],[0,0.552],[-0.553,0]],"o":[[0,0.552],[-0.553,0],[0,-0.553],[0.552,0]],"v":[[11.438,30.832],[10.437,31.833],[9.435,30.832],[10.437,29.829]],"c":true},"ix":2},"nm":"Path 5","mn":"ADBE Vector Shape - Group","hd":false},{"ty":"mm","mm":1,"nm":"Merge Paths 1","mn":"ADBE Vector Filter - Merge","hd":false},{"ty":"fl","c":{"a":0,"k":[1,1,1,1],"ix":4},"o":{"a":0,"k":100,"ix":5},"r":1,"nm":"Fill 1","mn":"ADBE Vector Graphic - Fill","hd":false},{"ty":"tr","p":{"a":0,"k":[19.461,53.353],"ix":2},"a":{"a":0,"k":[0,0],"ix":1},"s":{"a":0,"k":[100,100],"ix":3},"r":{"a":0,"k":0,"ix":6},"o":{"a":0,"k":100,"ix":7},"sk":{"a":0,"k":0,"ix":4},"sa":{"a":0,"k":0,"ix":5},"nm":"Transform"}],"nm":"Group 1","np":7,"cix":2,"ix":1,"mn":"ADBE Vector Group","hd":false}],"ip":0,"op":100,"st":0,"bm":0}],"markers":[]}